fecha,provincia,termino_busqueda,categoria,volumen_busquedas,evento_aumento
2023-01-01,Mendoza,aumento combustible fecha,Precios,2224,0
2023-01-01,Córdoba,descuento nafta galicia,Descuentos,906,0
2023-01-01,CABA,cuanto cuesta llenar el tanque,Precios,2658,0
2023-01-01,Mendoza,tarjeta sube saldo,Alternativas,1715,0
2023-01-02,Buenos Aires,banco nacion descuento combustible,Descuentos,999,0
2023-01-02,Buenos Aires,ypf cerca de mi,Estaciones,2982,0
2023-01-02,Buenos Aires,precio gasoil axion,Precios,1396,0
2023-01-02,Misiones,bbva descuento ypf,Descuentos,2342,0
2023-01-02,Santa Fe,promociones cuenta dni nafta,Descuentos,1054,0
2023-01-03,Tucumán,bbva descuento ypf,Descuentos,1397,0
2023-01-03,Santa Fe,descuento nafta galicia,Descuentos,2144,0
2023-01-03,Buenos Aires,equipo gnc 5ta generacion precio,Alternativas,2916,0
2023-01-04,CABA,aumento nafta hoy,Precios,2836,0
2023-01-04,Tucumán,promociones cuenta dni nafta,Descuentos,2481,0
2023-01-04,Neuquén,estacion de servicio con gnc cerca,Estaciones,1516,0
2023-01-05,CABA,promociones cuenta dni nafta,Descuentos,1996,0
2023-01-05,CABA,descuento nafta personal pay,Descuentos,1232,0
2023-01-05,Tucumán,precio nafta hoy argentina,Precios,1020,0
2023-01-06,CABA,descuento nafta galicia,Descuentos,2093,0
2023-01-06,Santa Fe,horarios colectivo urbano,Alternativas,2721,0
2023-01-06,Santa Fe,convertir auto a gnc precio,Alternativas,2575,0
2023-01-06,Buenos Aires,banco nacion descuento combustible,Descuentos,3150,0
2023-01-06,Córdoba,aplicacion ypf descuentos,Descuentos,1571,0
2023-01-07,Santa Fe,tarjeta sube saldo,Alternativas,1156,0
2023-01-07,CABA,ypf cerca de mi,Estaciones,2766,0
2023-01-07,Buenos Aires,convertir auto a gnc precio,Alternativas,1455,0
2023-01-07,Santa Fe,precio nafta hoy argentina,Precios,1382,0
2023-01-08,Buenos Aires,cuanto cuesta llenar el tanque,Precios,2204,0
2023-01-08,Neuquén,convertir auto a gnc precio,Alternativas,1512,0
2023-01-09,CABA,aumento nafta hoy,Precios,3400,0
2023-01-09,CABA,precio nafta super ypf,Precios,2581,0
2023-01-09,Buenos Aires,estaciones de servicio mas baratas,Estaciones,1471,0
2023-01-10,Buenos Aires,estaciones de servicio mas baratas,Estaciones,1034,0
2023-01-10,Buenos Aires,descuento nafta galicia,Descuentos,3047,0
2023-01-10,Córdoba,estaciones de servicio mas baratas,Estaciones,2810,0
2023-01-10,Entre Ríos,promociones cuenta dni nafta,Descuentos,1910,0
2023-01-11,Buenos Aires,horarios colectivo urbano,Alternativas,913,0
2023-01-11,CABA,aumento combustible fecha,Precios,2430,0
2023-01-12,Buenos Aires,puntos serviclub canje,Descuentos,2841,0
2023-01-12,Santa Fe,horarios colectivo urbano,Alternativas,1031,0
2023-01-12,CABA,shell abierta ahora,Estaciones,2495,0
2023-01-13,Buenos Aires,puntos serviclub canje,Descuentos,7291,1
2023-01-13,Santa Fe,cuanto cuesta llenar el tanque,Precios,3900,1
2023-01-13,Buenos Aires,tarjeta sube saldo,Alternativas,7967,1
2023-01-13,CABA,precio nafta hoy argentina,Precios,10651,1
2023-01-13,Buenos Aires,aumento combustible fecha,Precios,6119,1
2023-01-13,Buenos Aires,monopatín eléctrico precio,Alternativas,9877,1
2023-01-13,Salta,precio nafta super ypf,Precios,6670,1
2023-01-13,Santa Fe,estacion de servicio con gnc cerca,Estaciones,7879,1
2023-01-14,Buenos Aires,precio gasoil axion,Precios,10639,1
2023-01-14,Buenos Aires,cuanto cuesta llenar el tanque,Precios,6848,1
2023-01-14,Buenos Aires,banco nacion descuento combustible,Descuentos,9397,1
2023-01-14,Buenos Aires,descuentos nafta modo,Descuentos,10371,1
2023-01-14,Mendoza,descuento nafta galicia,Descuentos,4718,1
2023-01-14,Santa Fe,descuento nafta personal pay,Descuentos,4781,1
2023-01-14,Buenos Aires,precio gasoil axion,Precios,9336,1
2023-01-14,Neuquén,cuanto sube la nafta,Precios,8393,1
2023-01-14,Santa Fe,descuentos nafta modo,Descuentos,8418,1
2023-01-14,CABA,puntos serviclub canje,Descuentos,8030,1
2023-01-14,Misiones,banco nacion descuento combustible,Descuentos,6944,1
2023-01-15,CABA,aumento combustible fecha,Precios,12514,1
2023-01-15,Entre Ríos,convertir auto a gnc precio,Alternativas,6190,1
2023-01-15,CABA,precio nafta super ypf,Precios,12550,1
2023-01-15,CABA,precio gasoil axion,Precios,9715,1
2023-01-15,Buenos Aires,precio nafta hoy argentina,Precios,9546,1
2023-01-15,Córdoba,estaciones de servicio mas baratas,Estaciones,14481,1
2023-01-15,Santa Fe,promociones cuenta dni nafta,Descuentos,9545,1
2023-01-15,Buenos Aires,descuento nafta personal pay,Descuentos,13968,1
2023-01-15,Santa Fe,aumento combustible fecha,Precios,13659,1
2023-01-15,Buenos Aires,estacion de servicio con gnc cerca,Estaciones,16370,1
2023-01-15,Buenos Aires,descuento nafta galicia,Descuentos,10376,1
2023-01-15,Salta,precio litro infinia shell,Precios,9854,1
2023-01-15,CABA,precio nafta super ypf,Precios,11692,1
2023-01-16,Santa Fe,cuanto sube la nafta,Precios,4968,1
2023-01-16,Córdoba,descuento nafta personal pay,Descuentos,9388,1
2023-01-16,Santa Fe,aumento combustible fecha,Precios,4705,1
2023-01-16,Mendoza,precio litro infinia shell,Precios,3616,1
2023-01-16,Buenos Aires,aumento nafta hoy,Precios,5493,1
2023-01-16,Neuquén,aumento combustible fecha,Precios,4059,1
2023-01-16,Buenos Aires,convertir auto a gnc precio,Alternativas,9272,1
2023-01-16,Santa Fe,cuanto sube la nafta,Precios,5849,1
2023-01-16,Córdoba,precio gasoil axion,Precios,6670,1
2023-01-16,Buenos Aires,precio gasoil axion,Precios,8215,1
2023-01-16,Buenos Aires,bbva descuento ypf,Descuentos,10621,1
2023-01-16,CABA,promociones cuenta dni nafta,Descuentos,8115,1
2023-01-16,Buenos Aires,convertir auto a gnc precio,Alternativas,6310,1
2023-01-16,Buenos Aires,precio nafta hoy argentina,Precios,11815,1
2023-01-16,Santa Fe,estacion de servicio con gnc cerca,Estaciones,8178,1
2023-01-16,CABA,bbva descuento ypf,Descuentos,9355,1
2023-01-16,Buenos Aires,precio gasoil axion,Precios,9050,1
2023-01-16,Córdoba,precio litro infinia shell,Precios,4604,1
2023-01-16,Santa Fe,cuanto cuesta llenar el tanque,Precios,4524,1
2023-01-17,Santa Fe,bbva descuento ypf,Descuentos,4907,1
2023-01-17,Buenos Aires,precio nafta super ypf,Precios,9325,1
2023-01-17,Misiones,precio litro infinia shell,Precios,5643,1
2023-01-17,CABA,cuanto gasta un auto por kilometro,Alternativas,9767,1
2023-01-17,Mendoza,descuentos nafta modo,Descuentos,7452,1
2023-01-17,Córdoba,axion energia ubicaciones,Estaciones,4281,1
2023-01-17,Buenos Aires,horarios colectivo urbano,Alternativas,10021,1
2023-01-17,Entre Ríos,descuento nafta personal pay,Descuentos,8446,1
2023-01-17,CABA,cuanto sube la nafta,Precios,10377,1
2023-01-17,Santa Fe,descuento nafta galicia,Descuentos,5404,1
2023-01-17,Buenos Aires,descuento nafta galicia,Descuentos,8266,1
2023-01-17,Mendoza,aplicacion ypf descuentos,Descuentos,8346,1
2023-01-17,Buenos Aires,descuento nafta personal pay,Descuentos,9905,1
2023-01-17,CABA,precio nafta super ypf,Precios,9528,1
2023-01-17,Buenos Aires,banco nacion descuento combustible,Descuentos,8089,1
2023-01-17,Salta,estaciones de servicio mas baratas,Estaciones,4010,1
2023-01-17,Neuquén,descuento nafta personal pay,Descuentos,6641,1
2023-01-18,Buenos Aires,monopatín eléctrico precio,Alternativas,883,0
2023-01-18,Neuquén,cuanto cuesta llenar el tanque,Precios,672,0
2023-01-18,Buenos Aires,promociones cuenta dni nafta,Descuentos,2697,0
2023-01-18,Buenos Aires,estaciones de servicio mas baratas,Estaciones,1218,0
2023-01-18,Entre Ríos,descuentos nafta modo,Descuentos,1932,0
2023-01-19,Córdoba,promociones cuenta dni nafta,Descuentos,2485,0
2023-01-19,Córdoba,puntos serviclub canje,Descuentos,1641,0
2023-01-19,Neuquén,aplicacion ypf descuentos,Descuentos,2055,0
2023-01-19,Buenos Aires,precio nafta super ypf,Precios,2639,0
2023-01-19,Misiones,shell abierta ahora,Estaciones,1155,0
2023-01-20,Buenos Aires,puntos serviclub canje,Descuentos,1882,0
2023-01-20,CABA,ypf cerca de mi,Estaciones,2608,0
2023-01-20,CABA,aumento nafta hoy,Precios,1610,0
2023-01-20,Buenos Aires,descuento nafta galicia,Descuentos,2141,0
2023-01-21,Tucumán,axion energia ubicaciones,Estaciones,1408,0
2023-01-21,Neuquén,tarjeta sube saldo,Alternativas,1382,0
2023-01-22,Córdoba,tarjeta sube saldo,Alternativas,1554,0
2023-01-22,Córdoba,aumento combustible fecha,Precios,2685,0
2023-01-22,CABA,horarios colectivo urbano,Alternativas,1926,0
2023-01-22,CABA,convertir auto a gnc precio,Alternativas,2418,0
2023-01-22,Buenos Aires,cuanto sube la nafta,Precios,1929,0
2023-01-23,Córdoba,shell abierta ahora,Estaciones,2189,0
2023-01-23,Mendoza,horarios colectivo urbano,Alternativas,1668,0
2023-01-24,CABA,cuanto cuesta llenar el tanque,Precios,1636,0
2023-01-24,Buenos Aires,ypf cerca de mi,Estaciones,2396,0
2023-01-25,Santa Fe,shell abierta ahora,Estaciones,2562,0
2023-01-25,Tucumán,monopatín eléctrico precio,Alternativas,2257,0
2023-01-25,Mendoza,axion energia ubicaciones,Estaciones,1352,0
2023-01-25,Santa Fe,monopatín eléctrico precio,Alternativas,2233,0
2023-01-26,Córdoba,shell abierta ahora,Estaciones,1102,0
2023-01-26,CABA,estacion de servicio con gnc cerca,Estaciones,1443,0
2023-01-26,Salta,equipo gnc 5ta generacion precio,Alternativas,637,0
2023-01-27,Tucumán,equipo gnc 5ta generacion precio,Alternativas,1483,0
2023-01-27,Buenos Aires,ypf cerca de mi,Estaciones,888,0
2023-01-27,Córdoba,descuento nafta galicia,Descuentos,1375,0
2023-01-27,Córdoba,puntos serviclub canje,Descuentos,2116,0
2023-01-27,Santa Fe,puntos serviclub canje,Descuentos,1895,0
2023-01-28,Buenos Aires,cuanto cuesta llenar el tanque,Precios,2891,0
2023-01-28,Buenos Aires,cuanto sube la nafta,Precios,1652,0
2023-01-28,CABA,precio litro infinia shell,Precios,3334,0
2023-01-28,Santa Fe,precio nafta super ypf,Precios,614,0
2023-01-28,Buenos Aires,cuanto gasta un auto por kilometro,Alternativas,1072,0
2023-01-29,Buenos Aires,estacion de servicio con gnc cerca,Estaciones,1657,0
2023-01-29,Neuquén,aumento nafta hoy,Precios,577,0
2023-01-30,Mendoza,cuanto cuesta llenar el tanque,Precios,1835,0
2023-01-30,Buenos Aires,shell abierta ahora,Estaciones,2749,0
2023-01-30,Salta,aplicacion ypf descuentos,Descuentos,1538,0
2023-01-30,Buenos Aires,estacion de servicio con gnc cerca,Estaciones,1660,0
2023-01-30,Tucumán,precio gasoil axion,Precios,1311,0
2023-01-31,Salta,estacion de servicio con gnc cerca,Estaciones,1917,0
2023-01-31,Mendoza,descuento nafta galicia,Descuentos,727,0
2023-02-01,Mendoza,estaciones de servicio mas baratas,Estaciones,1247,0
2023-02-01,Buenos Aires,banco nacion descuento combustible,Descuentos,1659,0
2023-02-01,Córdoba,bbva descuento ypf,Descuentos,2790,0
2023-02-01,Buenos Aires,precio gasoil axion,Precios,2681,0
2023-02-02,Salta,precio gasoil axion,Precios,2130,0
2023-02-02,Buenos Aires,horarios colectivo urbano,Alternativas,894,0
2023-02-02,Santa Fe,monopatín eléctrico precio,Alternativas,2057,0
2023-02-02,Neuquén,precio gasoil axion,Precios,1380,0
2023-02-02,CABA,estaciones de servicio mas baratas,Estaciones,947,0
2023-02-03,CABA,cuanto gasta un auto por kilometro,Alternativas,1229,0
2023-02-03,Santa Fe,aumento nafta hoy,Precios,676,0
2023-02-03,Santa Fe,monopatín eléctrico precio,Alternativas,2563,0
2023-02-03,Neuquén,aplicacion ypf descuentos,Descuentos,2196,0
2023-02-03,CABA,bbva descuento ypf,Descuentos,3332,0
2023-02-04,CABA,convertir auto a gnc precio,Alternativas,2586,0
2023-02-04,Mendoza,shell abierta ahora,Estaciones,2129,0
2023-02-04,Buenos Aires,equipo gnc 5ta generacion precio,Alternativas,972,0
2023-02-05,Mendoza,equipo gnc 5ta generacion precio,Alternativas,2070,0
2023-02-05,Neuquén,estacion de servicio con gnc cerca,Estaciones,2355,0
2023-02-06,Buenos Aires,monopatín eléctrico precio,Alternativas,2936,0
2023-02-06,Buenos Aires,horarios colectivo urbano,Alternativas,782,0
2023-02-07,CABA,ypf cerca de mi,Estaciones,1061,0
2023-02-07,Santa Fe,cuanto gasta un auto por kilometro,Alternativas,1020,0
2023-02-07,CABA,estaciones de servicio mas baratas,Estaciones,2302,0
2023-02-07,Córdoba,aumento combustible fecha,Precios,2738,0
2023-02-07,CABA,aplicacion ypf descuentos,Descuentos,3507,0
2023-02-08,Mendoza,estacion de servicio con gnc cerca,Estaciones,977,0
2023-02-08,Salta,monopatín eléctrico precio,Alternativas,1964,0
2023-02-08,CABA,precio nafta hoy argentina,Precios,953,0
2023-02-08,Córdoba,horarios colectivo urbano,Alternativas,2526,0
2023-02-08,Tucumán,aumento nafta hoy,Precios,2400,0
2023-02-09,Córdoba,axion energia ubicaciones,Estaciones,1757,0
2023-02-09,Mendoza,shell abierta ahora,Estaciones,1254,0
2023-02-09,Córdoba,shell abierta ahora,Estaciones,661,0
2023-02-09,Entre Ríos,banco nacion descuento combustible,Descuentos,1211,0
2023-02-09,CABA,aplicacion ypf descuentos,Descuentos,1318,0
2023-02-10,Córdoba,estacion de servicio con gnc cerca,Estaciones,1402,0
2023-02-10,Córdoba,axion energia ubicaciones,Estaciones,2670,0
2023-02-10,Mendoza,descuentos nafta modo,Descuentos,1513,0
2023-02-10,Buenos Aires,precio nafta super ypf,Precios,3313,0
2023-02-10,Buenos Aires,precio litro infinia shell,Precios,2693,0
2023-02-11,Neuquén,horarios colectivo urbano,Alternativas,1435,0
2023-02-11,Córdoba,bbva descuento ypf,Descuentos,1728,0
2023-02-11,Mendoza,shell abierta ahora,Estaciones,1074,0
2023-02-11,CABA,monopatín eléctrico precio,Alternativas,1185,0
2023-02-12,Mendoza,aplicacion ypf descuentos,Descuentos,1454,0
2023-02-12,CABA,aumento combustible fecha,Precios,707,0
2023-02-12,CABA,convertir auto a gnc precio,Alternativas,1077,0
2023-02-12,Santa Fe,cuanto sube la nafta,Precios,1627,0
2023-02-13,CABA,estacion de servicio con gnc cerca,Estaciones,2377,0
2023-02-13,Córdoba,axion energia ubicaciones,Estaciones,1712,0
2023-02-13,Buenos Aires,monopatín eléctrico precio,Alternativas,1087,0
2023-02-13,CABA,horarios colectivo urbano,Alternativas,666,0
2023-02-13,Santa Fe,estacion de servicio con gnc cerca,Estaciones,1767,0
2023-02-14,Mendoza,aumento combustible fecha,Precios,7650,1
2023-02-14,Entre Ríos,precio litro infinia shell,Precios,5401,1
2023-02-14,Córdoba,estacion de servicio con gnc cerca,Estaciones,6085,1
2023-02-14,Santa Fe,precio nafta hoy argentina,Precios,6595,1
2023-02-14,Córdoba,cuanto sube la nafta,Precios,7516,1
2023-02-14,Buenos Aires,precio gasoil axion,Precios,7008,1
2023-02-14,Tucumán,cuanto sube la nafta,Precios,7777,1
2023-02-14,Buenos Aires,aumento combustible fecha,Precios,9713,1
2023-02-14,Buenos Aires,cuanto sube la nafta,Precios,6068,1
2023-02-14,CABA,axion energia ubicaciones,Estaciones,9064,1
2023-02-14,CABA,descuento nafta personal pay,Descuentos,7012,1
2023-02-14,CABA,promociones cuenta dni nafta,Descuentos,10113,1
2023-02-14,Buenos Aires,shell abierta ahora,Estaciones,9689,1
2023-02-15,Buenos Aires,aumento combustible fecha,Precios,10471,1
2023-02-15,Buenos Aires,cuanto cuesta llenar el tanque,Precios,9033,1
2023-02-15,Córdoba,precio nafta hoy argentina,Precios,4319,1
2023-02-15,Neuquén,aumento nafta hoy,Precios,3540,1
2023-02-15,Buenos Aires,descuentos nafta modo,Descuentos,10326,1
2023-02-15,Buenos Aires,precio nafta super ypf,Precios,5884,1
2023-02-15,Buenos Aires,bbva descuento ypf,Descuentos,5424,1
2023-02-15,Tucumán,precio gasoil axion,Precios,6181,1
2023-02-15,CABA,precio gasoil axion,Precios,6133,1
2023-02-16,Córdoba,cuanto sube la nafta,Precios,10418,1
2023-02-16,CABA,descuento nafta galicia,Descuentos,9846,1
2023-02-16,Santa Fe,cuanto gasta un auto por kilometro,Alternativas,14058,1
2023-02-16,Buenos Aires,cuanto cuesta llenar el tanque,Precios,19475,1
2023-02-16,Buenos Aires,promociones cuenta dni nafta,Descuentos,9806,1
2023-02-16,CABA,cuanto sube la nafta,Precios,10163,1
2023-02-16,Buenos Aires,axion energia ubicaciones,Estaciones,14369,1
2023-02-16,Buenos Aires,aplicacion ypf descuentos,Descuentos,15020,1
2023-02-16,Mendoza,descuentos nafta modo,Descuentos,13982,1
2023-02-16,Buenos Aires,horarios colectivo urbano,Alternativas,16554,1
2023-02-16,Mendoza,puntos serviclub canje,Descuentos,14901,1
2023-02-16,Misiones,estacion de servicio con gnc cerca,Estaciones,9993,1
2023-02-17,Entre Ríos,precio litro infinia shell,Precios,8306,1
2023-02-17,Misiones,banco nacion descuento combustible,Descuentos,7845,1
2023-02-17,CABA,precio nafta hoy argentina,Precios,9725,1
2023-02-17,Buenos Aires,cuanto sube la nafta,Precios,9909,1
2023-02-17,Tucumán,precio litro infinia shell,Precios,4114,1
2023-02-17,Buenos Aires,aplicacion ypf descuentos,Descuentos,7623,1
2023-02-17,Buenos Aires,puntos serviclub canje,Descuentos,10277,1
2023-02-17,Córdoba,estacion de servicio con gnc cerca,Estaciones,5072,1
2023-02-17,Córdoba,aumento nafta hoy,Precios,7055,1
2023-02-17,Salta,precio nafta hoy argentina,Precios,5304,1
2023-02-17,Córdoba,horarios colectivo urbano,Alternativas,4615,1
2023-02-17,Mendoza,cuanto sube la nafta,Precios,8343,1
2023-02-17,Santa Fe,estaciones de servicio mas baratas,Estaciones,8005,1
2023-02-17,CABA,descuentos nafta modo,Descuentos,8952,1
2023-02-17,CABA,aumento nafta hoy,Precios,4629,1
2023-02-17,Buenos Aires,precio gasoil axion,Precios,7559,1
2023-02-18,Santa Fe,precio litro infinia shell,Precios,6165,1
2023-02-18,Buenos Aires,aumento combustible fecha,Precios,9267,1
2023-02-18,Córdoba,aumento nafta hoy,Precios,8754,1
2023-02-18,Entre Ríos,bbva descuento ypf,Descuentos,7064,1
2023-02-18,Buenos Aires,precio nafta super ypf,Precios,6981,1
2023-02-18,Entre Ríos,axion energia ubicaciones,Estaciones,5296,1
2023-02-18,Santa Fe,precio nafta super ypf,Precios,7466,1
2023-02-18,Córdoba,cuanto cuesta llenar el tanque,Precios,6849,1
2023-02-18,Misiones,shell abierta ahora,Estaciones,7569,1
2023-02-18,Santa Fe,descuentos nafta modo,Descuentos,6927,1
2023-02-18,Salta,puntos serviclub canje,Descuentos,6182,1
2023-02-18,Buenos Aires,estaciones de servicio mas baratas,Estaciones,5877,1
2023-02-18,CABA,horarios colectivo urbano,Alternativas,5720,1
2023-02-18,Buenos Aires,cuanto cuesta llenar el tanque,Precios,9075,1
2023-02-18,Córdoba,cuanto gasta un auto por kilometro,Alternativas,4360,1
2023-02-18,Salta,puntos serviclub canje,Descuentos,3817,1
2023-02-19,Neuquén,ypf cerca de mi,Estaciones,539,0
2023-02-19,Córdoba,banco nacion descuento combustible,Descuentos,829,0
2023-02-20,Buenos Aires,aumento combustible fecha,Precios,2865,0
2023-02-20,Buenos Aires,equipo gnc 5ta generacion precio,Alternativas,972,0
2023-02-20,Buenos Aires,cuanto gasta un auto por kilometro,Alternativas,1775,0
2023-02-20,Salta,aumento combustible fecha,Precios,862,0
2023-02-20,Buenos Aires,tarjeta sube saldo,Alternativas,1168,0
2023-02-21,Córdoba,aumento combustible fecha,Precios,2300,0
2023-02-21,Misiones,ypf cerca de mi,Estaciones,1199,0
2023-02-22,Córdoba,monopatín eléctrico precio,Alternativas,1113,0
2023-02-22,Córdoba,equipo gnc 5ta generacion precio,Alternativas,1109,0
2023-02-22,Mendoza,equipo gnc 5ta generacion precio,Alternativas,2387,0
2023-02-22,Mendoza,convertir auto a gnc precio,Alternativas,1023,0
2023-02-22,Buenos Aires,estaciones de servicio mas baratas,Estaciones,722,0
2023-02-23,Salta,cuanto gasta un auto por kilometro,Alternativas,1215,0
2023-02-23,Mendoza,cuanto sube la nafta,Precios,959,0
2023-02-23,Buenos Aires,precio gasoil axion,Precios,1855,0
2023-02-23,Mendoza,ypf cerca de mi,Estaciones,2005,0
2023-02-24,CABA,horarios colectivo urbano,Alternativas,1304,0
2023-02-24,Córdoba,horarios colectivo urbano,Alternativas,1615,0
2023-02-24,Mendoza,cuanto cuesta llenar el tanque,Precios,2062,0
2023-02-25,Entre Ríos,aumento nafta hoy,Precios,1488,0
2023-02-25,Entre Ríos,aplicacion ypf descuentos,Descuentos,583,0
2023-02-25,CABA,aplicacion ypf descuentos,Descuentos,2685,0
2023-02-25,Salta,cuanto sube la nafta,Precios,1686,0
2023-02-26,Salta,ypf cerca de mi,Estaciones,1794,0
2023-02-26,CABA,estacion de servicio con gnc cerca,Estaciones,1171,0
2023-02-26,Buenos Aires,cuanto cuesta llenar el tanque,Precios,3002,0
2023-02-26,Buenos Aires,equipo gnc 5ta generacion precio,Alternativas,1756,0
2023-02-26,Entre Ríos,precio nafta hoy argentina,Precios,1676,0
2023-02-27,Buenos Aires,aumento nafta hoy,Precios,3156,0
2023-02-27,Buenos Aires,descuento nafta galicia,Descuentos,1683,0
2023-02-27,Buenos Aires,horarios colectivo urbano,Alternativas,2121,0
2023-02-28,CABA,ypf cerca de mi,Estaciones,2819,0
2023-02-28,Mendoza,estaciones de servicio mas baratas,Estaciones,1300,0
2023-02-28,Entre Ríos,horarios colectivo urbano,Alternativas,713,0
2023-02-28,Mendoza,aumento nafta hoy,Precios,1388,0
2023-02-28,Córdoba,precio gasoil axion,Precios,1676,0
2023-03-01,Córdoba,aumento nafta hoy,Precios,2635,0
2023-03-01,Buenos Aires,descuentos nafta modo,Descuentos,1331,0
2023-03-02,CABA,tarjeta sube saldo,Alternativas,3110,0
2023-03-02,Tucumán,aumento nafta hoy,Precios,1828,0
2023-03-02,Entre Ríos,cuanto cuesta llenar el tanque,Precios,2425,0
2023-03-03,Neuquén,aumento combustible fecha,Precios,1052,0
2023-03-03,Santa Fe,tarjeta sube saldo,Alternativas,2765,0
2023-03-04,Córdoba,aplicacion ypf descuentos,Descuentos,1784,0
2023-03-04,Córdoba,horarios colectivo urbano,Alternativas,1823,0
2023-03-04,Mendoza,precio gasoil axion,Precios,1535,0
2023-03-05,Santa Fe,aplicacion ypf descuentos,Descuentos,661,0
2023-03-05,CABA,axion energia ubicaciones,Estaciones,2865,0
2023-03-05,Buenos Aires,precio gasoil axion,Precios,1972,0
2023-03-05,CABA,shell abierta ahora,Estaciones,2652,0
2023-03-06,Santa Fe,precio nafta hoy argentina,Precios,1819,0
2023-03-06,CABA,tarjeta sube saldo,Alternativas,2116,0
2023-03-06,Santa Fe,estacion de servicio con gnc cerca,Estaciones,1466,0
2023-03-06,Salta,estacion de servicio con gnc cerca,Estaciones,1773,0
2023-03-07,CABA,ypf cerca de mi,Estaciones,1898,0
2023-03-07,Buenos Aires,axion energia ubicaciones,Estaciones,2355,0
2023-03-08,Santa Fe,shell abierta ahora,Estaciones,1478,0
2023-03-08,Neuquén,aumento nafta hoy,Precios,1025,0
2023-03-08,Misiones,cuanto sube la nafta,Precios,2457,0
2023-03-09,CABA,cuanto sube la nafta,Precios,2956,0
2023-03-09,Córdoba,estaciones de servicio mas baratas,Estaciones,1476,0
2023-03-10,Buenos Aires,estaciones de servicio mas baratas,Estaciones,2686,0
2023-03-10,CABA,precio nafta hoy argentina,Precios,2810,0
2023-03-10,CABA,bbva descuento ypf,Descuentos,3223,0
2023-03-10,Buenos Aires,puntos serviclub canje,Descuentos,3274,0
2023-03-10,Buenos Aires,descuento nafta personal pay,Descuentos,2271,0
2023-03-11,Santa Fe,descuentos nafta modo,Descuentos,2502,0
2023-03-11,Córdoba,equipo gnc 5ta generacion precio,Alternativas,1813,0
2023-03-11,Buenos Aires,precio nafta hoy argentina,Precios,2689,0
2023-03-11,Buenos Aires,precio gasoil axion,Precios,1456,0
2023-03-12,Buenos Aires,estacion de servicio con gnc cerca,Estaciones,1304,0
2023-03-12,CABA,ypf cerca de mi,Estaciones,996,0
2023-03-13,Córdoba,cuanto cuesta llenar el tanque,Precios,7211,1
2023-03-13,Córdoba,precio gasoil axion,Precios,9016,1
2023-03-13,Buenos Aires,promociones cuenta dni nafta,Descuentos,5973,1
2023-03-13,Santa Fe,cuanto sube la nafta,Precios,5195,1
2023-03-13,Santa Fe,ypf cerca de mi,Estaciones,6790,1
2023-03-13,CABA,puntos serviclub canje,Descuentos,5213,1
2023-03-13,Buenos Aires,monopatín eléctrico precio,Alternativas,8311,1
2023-03-13,Santa Fe,cuanto sube la nafta,Precios,6033,1
2023-03-13,Santa Fe,monopatín eléctrico precio,Alternativas,4870,1
2023-03-13,CABA,estaciones de servicio mas baratas,Estaciones,10040,1
2023-03-13,Mendoza,axion energia ubicaciones,Estaciones,6673,1
2023-03-13,CABA,banco nacion descuento combustible,Descuentos,10076,1
2023-03-13,Mendoza,cuanto cuesta llenar el tanque,Precios,7212,1
2023-03-13,Buenos Aires,descuentos nafta modo,Descuentos,8137,1
2023-03-13,CABA,cuanto sube la nafta,Precios,9855,1
2023-03-13,CABA,precio nafta super ypf,Precios,9443,1
2023-03-14,Mendoza,bbva descuento ypf,Descuentos,7365,1
2023-03-14,Entre Ríos,estacion de servicio con gnc cerca,Estaciones,4677,1
2023-03-14,Buenos Aires,aumento combustible fecha,Precios,8743,1
2023-03-14,CABA,precio nafta hoy argentina,Precios,8551,1
2023-03-14,Córdoba,shell abierta ahora,Estaciones,5323,1
2023-03-14,Buenos Aires,equipo gnc 5ta generacion precio,Alternativas,5537,1
2023-03-14,Buenos Aires,aplicacion ypf descuentos,Descuentos,5699,1
2023-03-14,Buenos Aires,precio nafta hoy argentina,Precios,4986,1
2023-03-14,Santa Fe,aumento nafta hoy,Precios,5774,1
2023-03-14,Buenos Aires,promociones cuenta dni nafta,Descuentos,9218,1
2023-03-14,Mendoza,aumento combustible fecha,Precios,3535,1
2023-03-14,CABA,precio gasoil axion,Precios,6439,1
2023-03-14,Córdoba,cuanto sube la nafta,Precios,5648,1
2023-03-14,Buenos Aires,precio litro infinia shell,Precios,7751,1
2023-03-14,Neuquén,descuentos nafta modo,Descuentos,6725,1
2023-03-14,Buenos Aires,aumento combustible fecha,Precios,9532,1
2023-03-14,Santa Fe,aumento nafta hoy,Precios,7094,1
2023-03-15,Buenos Aires,promociones cuenta dni nafta,Descuentos,9020,1
2023-03-15,Buenos Aires,cuanto cuesta llenar el tanque,Precios,8816,1
2023-03-15,Santa Fe,cuanto sube la nafta,Precios,12799,1
2023-03-15,Buenos Aires,precio nafta hoy argentina,Precios,18087,1
2023-03-15,Santa Fe,equipo gnc 5ta generacion precio,Alternativas,8522,1
2023-03-15,Mendoza,descuento nafta galicia,Descuentos,12764,1
2023-03-15,Buenos Aires,precio nafta super ypf,Precios,17408,1
2023-03-15,CABA,precio nafta super ypf,Precios,8938,1
2023-03-15,Tucumán,descuento nafta personal pay,Descuentos,9610,1
2023-03-15,Santa Fe,aumento combustible fecha,Precios,15777,1
2023-03-15,CABA,precio gasoil axion,Precios,16853,1
2023-03-15,Santa Fe,promociones cuenta dni nafta,Descuentos,10333,1
2023-03-16,Buenos Aires,cuanto gasta un auto por kilometro,Alternativas,8321,1
2023-03-16,Buenos Aires,precio gasoil axion,Precios,5977,1
2023-03-16,Buenos Aires,aumento combustible fecha,Precios,8960,1
2023-03-16,Buenos Aires,aumento combustible fecha,Precios,12318,1
2023-03-16,Neuquén,descuentos nafta modo,Descuentos,3785,1
2023-03-16,Córdoba,promociones cuenta dni nafta,Descuentos,9267,1
2023-03-16,Buenos Aires,estacion de servicio con gnc cerca,Estaciones,7660,1
2023-03-16,Buenos Aires,cuanto sube la nafta,Precios,6704,1
2023-03-16,CABA,precio nafta super ypf,Precios,11119,1
2023-03-16,CABA,descuento nafta galicia,Descuentos,5550,1
2023-03-16,CABA,cuanto gasta un auto por kilometro,Alternativas,4725,1
2023-03-16,Neuquén,precio litro infinia shell,Precios,5326,1
2023-03-16,Santa Fe,banco nacion descuento combustible,Descuentos,3735,1
2023-03-16,Buenos Aires,axion energia ubicaciones,Estaciones,9788,1
2023-03-16,Entre Ríos,promociones cuenta dni nafta,Descuentos,5485,1
2023-03-16,Buenos Aires,estacion de servicio con gnc cerca,Estaciones,4837,1
2023-03-16,Córdoba,bbva descuento ypf,Descuentos,7674,1
2023-03-16,Tucumán,promociones cuenta dni nafta,Descuentos,6464,1
2023-03-16,Buenos Aires,aumento nafta hoy,Precios,10269,1
2023-03-17,CABA,precio gasoil axion,Precios,7865,1
2023-03-17,Córdoba,aplicacion ypf descuentos,Descuentos,5954,1
2023-03-17,Buenos Aires,cuanto gasta un auto por kilometro,Alternativas,7676,1
2023-03-17,Misiones,cuanto cuesta llenar el tanque,Precios,7744,1
2023-03-17,Buenos Aires,cuanto cuesta llenar el tanque,Precios,4751,1
2023-03-17,Córdoba,convertir auto a gnc precio,Alternativas,6342,1
2023-03-17,CABA,descuento nafta personal pay,Descuentos,10645,1
2023-03-17,Buenos Aires,axion energia ubicaciones,Estaciones,7581,1
2023-03-17,Buenos Aires,cuanto sube la nafta,Precios,10330,1
2023-03-17,Buenos Aires,precio gasoil axion,Precios,8865,1
2023-03-17,Buenos Aires,descuentos nafta modo,Descuentos,7924,1
2023-03-18,Santa Fe,cuanto sube la nafta,Precios,677,0
2023-03-18,CABA,aplicacion ypf descuentos,Descuentos,1622,0
2023-03-18,Buenos Aires,precio gasoil axion,Precios,3255,0
2023-03-19,Mendoza,descuentos nafta modo,Descuentos,2256,0
2023-03-19,CABA,bbva descuento ypf,Descuentos,1545,0
2023-03-19,Entre Ríos,convertir auto a gnc precio,Alternativas,924,0
2023-03-19,Santa Fe,bbva descuento ypf,Descuentos,1892,0
2023-03-19,Buenos Aires,cuanto gasta un auto por kilometro,Alternativas,2513,0
2023-03-20,CABA,descuentos nafta modo,Descuentos,847,0
2023-03-20,CABA,cuanto gasta un auto por kilometro,Alternativas,2901,0
2023-03-20,CABA,aumento combustible fecha,Precios,2887,0
2023-03-21,Buenos Aires,aumento combustible fecha,Precios,2289,0
2023-03-21,Mendoza,banco nacion descuento combustible,Descuentos,1751,0
2023-03-22,Misiones,horarios colectivo urbano,Alternativas,1039,0
2023-03-22,CABA,bbva descuento ypf,Descuentos,1230,0
2023-03-22,Buenos Aires,descuento nafta galicia,Descuentos,2019,0
2023-03-22,Salta,convertir auto a gnc precio,Alternativas,828,0
2023-03-23,Santa Fe,aumento nafta hoy,Precios,2004,0
2023-03-23,Buenos Aires,monopatín eléctrico precio,Alternativas,1887,0
2023-03-23,Mendoza,puntos serviclub canje,Descuentos,1269,0
2023-03-24,CABA,equipo gnc 5ta generacion precio,Alternativas,2166,0
2023-03-24,CABA,convertir auto a gnc precio,Alternativas,2872,0
2023-03-24,Córdoba,promociones cuenta dni nafta,Descuentos,1359,0
2023-03-25,Buenos Aires,precio gasoil axion,Precios,852,0
2023-03-25,Buenos Aires,convertir auto a gnc precio,Alternativas,1887,0
2023-03-25,Buenos Aires,cuanto gasta un auto por kilometro,Alternativas,3139,0
2023-03-25,Mendoza,equipo gnc 5ta generacion precio,Alternativas,2259,0
2023-03-25,Buenos Aires,shell abierta ahora,Estaciones,2766,0
2023-03-26,Mendoza,cuanto sube la nafta,Precios,962,0
2023-03-26,Buenos Aires,horarios colectivo urbano,Alternativas,2802,0
2023-03-27,CABA,convertir auto a gnc precio,Alternativas,1653,0
2023-03-27,Buenos Aires,precio gasoil axion,Precios,3199,0
2023-03-28,Mendoza,precio litro infinia shell,Precios,1709,0
2023-03-28,Buenos Aires,cuanto sube la nafta,Precios,1518,0
2023-03-29,Buenos Aires,tarjeta sube saldo,Alternativas,2604,0
2023-03-29,Mendoza,horarios colectivo urbano,Alternativas,1422,0
2023-03-29,Santa Fe,descuentos nafta modo,Descuentos,1103,0
2023-03-29,Tucumán,equipo gnc 5ta generacion precio,Alternativas,708,0
2023-03-29,Buenos Aires,axion energia ubicaciones,Estaciones,2666,0
2023-03-30,Buenos Aires,puntos serviclub canje,Descuentos,2599,0
2023-03-30,CABA,descuento nafta personal pay,Descuentos,3560,0
2023-03-30,Córdoba,bbva descuento ypf,Descuentos,1504,0
2023-03-30,Buenos Aires,estacion de servicio con gnc cerca,Estaciones,988,0
2023-03-30,Buenos Aires,estacion de servicio con gnc cerca,Estaciones,2428,0
2023-03-31,Buenos Aires,aumento nafta hoy,Precios,1700,0
2023-03-31,CABA,shell abierta ahora,Estaciones,794,0
2023-03-31,CABA,shell abierta ahora,Estaciones,1274,0
2023-03-31,Mendoza,cuanto gasta un auto por kilometro,Alternativas,1426,0
2023-03-31,Tucumán,axion energia ubicaciones,Estaciones,1239,0
2023-04-01,CABA,promociones cuenta dni nafta,Descuentos,1684,0
2023-04-01,Córdoba,shell abierta ahora,Estaciones,2786,0
2023-04-01,Santa Fe,descuento nafta personal pay,Descuentos,1341,0
2023-04-02,Santa Fe,equipo gnc 5ta generacion precio,Alternativas,658,0
2023-04-02,Entre Ríos,aumento nafta hoy,Precios,2096,0
2023-04-02,Misiones,cuanto cuesta llenar el tanque,Precios,2148,0
2023-04-02,Córdoba,estaciones de servicio mas baratas,Estaciones,2775,0
2023-04-03,Buenos Aires,aplicacion ypf descuentos,Descuentos,1568,0
2023-04-03,Buenos Aires,tarjeta sube saldo,Alternativas,1617,0
2023-04-03,Buenos Aires,precio nafta hoy argentina,Precios,2452,0
2023-04-03,CABA,estaciones de servicio mas baratas,Estaciones,2161,0
2023-04-04,Buenos Aires,convertir auto a gnc precio,Alternativas,1260,0
2023-04-04,Buenos Aires,precio gasoil axion,Precios,2235,0
2023-04-04,Buenos Aires,tarjeta sube saldo,Alternativas,3109,0
2023-04-04,CABA,monopatín eléctrico precio,Alternativas,2592,0
2023-04-04,Salta,precio litro infinia shell,Precios,749,0
2023-04-05,Buenos Aires,estaciones de servicio mas baratas,Estaciones,2503,0
2023-04-05,Buenos Aires,shell abierta ahora,Estaciones,2069,0
2023-04-05,Salta,promociones cuenta dni nafta,Descuentos,991,0
2023-04-05,Mendoza,axion energia ubicaciones,Estaciones,813,0
2023-04-06,Buenos Aires,ypf cerca de mi,Estaciones,3363,0
2023-04-06,CABA,equipo gnc 5ta generacion precio,Alternativas,1165,0
2023-04-07,Mendoza,descuentos nafta modo,Descuentos,826,0
2023-04-07,Santa Fe,axion energia ubicaciones,Estaciones,1256,0
2023-04-07,Mendoza,precio gasoil axion,Precios,676,0
2023-04-08,Córdoba,precio litro infinia shell,Precios,2280,0
2023-04-08,Buenos Aires,estaciones de servicio mas baratas,Estaciones,1953,0
2023-04-09,CABA,estacion de servicio con gnc cerca,Estaciones,1210,0
2023-04-09,Buenos Aires,aplicacion ypf descuentos,Descuentos,3202,0
2023-04-09,CABA,bbva descuento ypf,Descuentos,1405,0
2023-04-09,Mendoza,cuanto gasta un auto por kilometro,Alternativas,578,0
2023-04-09,Salta,horarios colectivo urbano,Alternativas,1904,0
2023-04-10,Córdoba,convertir auto a gnc precio,Alternativas,1050,0
2023-04-10,Buenos Aires,descuento nafta personal pay,Descuentos,2133,0
2023-04-11,Buenos Aires,estaciones de servicio mas baratas,Estaciones,1153,0
2023-04-11,Mendoza,equipo gnc 5ta generacion precio,Alternativas,2109,0
2023-04-11,Buenos Aires,descuentos nafta modo,Descuentos,850,0
2023-04-11,CABA,ypf cerca de mi,Estaciones,1404,0
2023-04-12,Mendoza,aplicacion ypf descuentos,Descuentos,1376,0
2023-04-12,Neuquén,puntos serviclub canje,Descuentos,985,0
2023-04-12,Buenos Aires,aumento combustible fecha,Precios,2999,0
2023-04-13,Tucumán,banco nacion descuento combustible,Descuentos,1465,0
2023-04-13,Entre Ríos,convertir auto a gnc precio,Alternativas,2047,0
2023-04-13,Mendoza,descuentos nafta modo,Descuentos,1074,0
2023-04-13,CABA,precio gasoil axion,Precios,996,0
2023-04-13,Misiones,horarios colectivo urbano,Alternativas,746,0
2023-04-14,Santa Fe,aumento nafta hoy,Precios,8576,1
2023-04-14,Buenos Aires,cuanto cuesta llenar el tanque,Precios,10270,1
2023-04-14,Tucumán,aplicacion ypf descuentos,Descuentos,6490,1
2023-04-14,Santa Fe,aumento combustible fecha,Precios,5472,1
2023-04-14,Córdoba,aumento nafta hoy,Precios,7458,1
2023-04-14,Santa Fe,precio litro infinia shell,Precios,8765,1
2023-04-14,Buenos Aires,descuento nafta galicia,Descuentos,9264,1
2023-04-14,Mendoza,shell abierta ahora,Estaciones,4430,1
2023-04-14,Buenos Aires,promociones cuenta dni nafta,Descuentos,5940,1
2023-04-14,Buenos Aires,banco nacion descuento combustible,Descuentos,11559,1
2023-04-14,Buenos Aires,cuanto cuesta llenar el tanque,Precios,5335,1
2023-04-14,CABA,cuanto cuesta llenar el tanque,Precios,6244,1
2023-04-14,Santa Fe,equipo gnc 5ta generacion precio,Alternativas,9461,1
2023-04-14,Buenos Aires,shell abierta ahora,Estaciones,10686,1
2023-04-14,Buenos Aires,precio litro infinia shell,Precios,7731,1
2023-04-14,CABA,cuanto cuesta llenar el tanque,Precios,9966,1
2023-04-14,Buenos Aires,precio gasoil axion,Precios,11545,1
2023-04-14,Buenos Aires,banco nacion descuento combustible,Descuentos,9193,1
2023-04-15,Tucumán,monopatín eléctrico precio,Alternativas,6310,1
2023-04-15,Santa Fe,aplicacion ypf descuentos,Descuentos,7073,1
2023-04-15,Buenos Aires,aumento nafta hoy,Precios,7650,1
2023-04-15,Buenos Aires,descuentos nafta modo,Descuentos,10849,1
2023-04-15,Buenos Aires,descuento nafta personal pay,Descuentos,5219,1
2023-04-15,Salta,precio gasoil axion,Precios,7508,1
2023-04-15,Misiones,puntos serviclub canje,Descuentos,6024,1
2023-04-15,Tucumán,aumento nafta hoy,Precios,4278,1
2023-04-15,Misiones,axion energia ubicaciones,Estaciones,4848,1
2023-04-15,Buenos Aires,aumento nafta hoy,Precios,7526,1
2023-04-15,Buenos Aires,ypf cerca de mi,Estaciones,6284,1
2023-04-15,Buenos Aires,puntos serviclub canje,Descuentos,8660,1
2023-04-15,CABA,cuanto cuesta llenar el tanque,Precios,6963,1
2023-04-15,Buenos Aires,monopatín eléctrico precio,Alternativas,11427,1
2023-04-15,Buenos Aires,descuento nafta personal pay,Descuentos,5617,1
2023-04-15,CABA,promociones cuenta dni nafta,Descuentos,7600,1
2023-04-16,Misiones,precio gasoil axion,Precios,13429,1
2023-04-16,Salta,cuanto sube la nafta,Precios,10875,1
2023-04-16,Córdoba,shell abierta ahora,Estaciones,10338,1
2023-04-16,CABA,aplicacion ypf descuentos,Descuentos,19825,1
2023-04-16,Buenos Aires,cuanto sube la nafta,Precios,12973,1
2023-04-16,Buenos Aires,cuanto cuesta llenar el tanque,Precios,14123,1
2023-04-16,CABA,aumento combustible fecha,Precios,13931,1
2023-04-16,Buenos Aires,estaciones de servicio mas baratas,Estaciones,15391,1
2023-04-16,Córdoba,estaciones de servicio mas baratas,Estaciones,12821,1
2023-04-16,Santa Fe,cuanto gasta un auto por kilometro,Alternativas,9947,1
2023-04-16,CABA,puntos serviclub canje,Descuentos,15498,1
2023-04-16,Santa Fe,precio litro infinia shell,Precios,14582,1
2023-04-16,Mendoza,axion energia ubicaciones,Estaciones,12574,1
2023-04-16,Buenos Aires,promociones cuenta dni nafta,Descuentos,14042,1
2023-04-17,CABA,cuanto cuesta llenar el tanque,Precios,6991,1
2023-04-17,Mendoza,precio litro infinia shell,Precios,6202,1
2023-04-17,Mendoza,cuanto sube la nafta,Precios,7700,1
2023-04-17,Santa Fe,axion energia ubicaciones,Estaciones,4969,1
2023-04-17,Neuquén,descuento nafta personal pay,Descuentos,4270,1
2023-04-17,Mendoza,precio litro infinia shell,Precios,5128,1
2023-04-17,Buenos Aires,puntos serviclub canje,Descuentos,9960,1
2023-04-17,Buenos Aires,bbva descuento ypf,Descuentos,6669,1
2023-04-18,Tucumán,precio nafta super ypf,Precios,4931,1
2023-04-18,Santa Fe,shell abierta ahora,Estaciones,6253,1
2023-04-18,Córdoba,estacion de servicio con gnc cerca,Estaciones,8042,1
2023-04-18,Tucumán,estaciones de servicio mas baratas,Estaciones,6634,1
2023-04-18,Buenos Aires,ypf cerca de mi,Estaciones,6551,1
2023-04-18,Santa Fe,aumento combustible fecha,Precios,7316,1
2023-04-18,Buenos Aires,descuento nafta galicia,Descuentos,8747,1
2023-04-18,Córdoba,cuanto cuesta llenar el tanque,Precios,6647,1
2023-04-18,CABA,precio gasoil axion,Precios,5630,1
2023-04-18,CABA,aumento nafta hoy,Precios,10379,1
2023-04-18,Buenos Aires,monopatín eléctrico precio,Alternativas,7315,1
2023-04-18,Córdoba,precio litro infinia shell,Precios,4873,1
2023-04-19,CABA,precio litro infinia shell,Precios,1085,0
2023-04-19,CABA,bbva descuento ypf,Descuentos,766,0
2023-04-19,Entre Ríos,descuento nafta galicia,Descuentos,1145,0
2023-04-19,Córdoba,convertir auto a gnc precio,Alternativas,1370,0
2023-04-20,Buenos Aires,aumento combustible fecha,Precios,2158,0
2023-04-20,Misiones,bbva descuento ypf,Descuentos,1173,0
2023-04-20,Buenos Aires,precio nafta hoy argentina,Precios,1889,0
2023-04-20,Tucumán,ypf cerca de mi,Estaciones,2020,0
2023-04-21,CABA,descuento nafta personal pay,Descuentos,872,0
2023-04-21,CABA,axion energia ubicaciones,Estaciones,1222,0
2023-04-22,CABA,descuentos nafta modo,Descuentos,2374,0
2023-04-22,Santa Fe,ypf cerca de mi,Estaciones,1337,0
2023-04-22,CABA,precio nafta super ypf,Precios,1515,0
2023-04-23,Buenos Aires,ypf cerca de mi,Estaciones,1000,0
2023-04-23,CABA,precio gasoil axion,Precios,1220,0
2023-04-23,Buenos Aires,estaciones de servicio mas baratas,Estaciones,1279,0
2023-04-23,Entre Ríos,tarjeta sube saldo,Alternativas,1827,0
2023-04-24,CABA,tarjeta sube saldo,Alternativas,2251,0
2023-04-24,Buenos Aires,horarios colectivo urbano,Alternativas,1791,0
2023-04-24,CABA,axion energia ubicaciones,Estaciones,1969,0
2023-04-24,CABA,estacion de servicio con gnc cerca,Estaciones,2084,0
2023-04-24,Buenos Aires,aumento nafta hoy,Precios,1917,0
2023-04-25,Buenos Aires,precio nafta hoy argentina,Precios,2973,0
2023-04-25,Buenos Aires,cuanto gasta un auto por kilometro,Alternativas,1116,0
2023-04-26,CABA,shell abierta ahora,Estaciones,3319,0
2023-04-26,Buenos Aires,puntos serviclub canje,Descuentos,2489,0
2023-04-26,Buenos Aires,precio nafta super ypf,Precios,2714,0
2023-04-27,Buenos Aires,monopatín eléctrico precio,Alternativas,1390,0
2023-04-27,CABA,axion energia ubicaciones,Estaciones,912,0
2023-04-27,Mendoza,estaciones de servicio mas baratas,Estaciones,2199,0
2023-04-27,Santa Fe,precio nafta hoy argentina,Precios,2046,0
2023-04-28,CABA,banco nacion descuento combustible,Descuentos,2084,0
2023-04-28,Buenos Aires,cuanto gasta un auto por kilometro,Alternativas,2178,0
2023-04-28,Buenos Aires,tarjeta sube saldo,Alternativas,1770,0
2023-04-29,Mendoza,estacion de servicio con gnc cerca,Estaciones,821,0
2023-04-29,Buenos Aires,descuento nafta galicia,Descuentos,3110,0
2023-04-29,Buenos Aires,monopatín eléctrico precio,Alternativas,1494,0
2023-04-30,Buenos Aires,estaciones de servicio mas baratas,Estaciones,1965,0
2023-04-30,Misiones,axion energia ubicaciones,Estaciones,2310,0
2023-04-30,Santa Fe,precio nafta super ypf,Precios,750,0
2023-04-30,CABA,estacion de servicio con gnc cerca,Estaciones,1628,0
2023-05-01,CABA,cuanto sube la nafta,Precios,1167,0
2023-05-01,Córdoba,cuanto cuesta llenar el tanque,Precios,2281,0
2023-05-01,CABA,precio litro infinia shell,Precios,1952,0
2023-05-02,Buenos Aires,estaciones de servicio mas baratas,Estaciones,1872,0
2023-05-02,Mendoza,estaciones de servicio mas baratas,Estaciones,1866,0
2023-05-02,Córdoba,banco nacion descuento combustible,Descuentos,978,0
2023-05-02,Buenos Aires,convertir auto a gnc precio,Alternativas,1333,0
2023-05-03,Tucumán,descuento nafta personal pay,Descuentos,2373,0
2023-05-03,Salta,descuentos nafta modo,Descuentos,697,0
2023-05-04,Neuquén,estaciones de servicio mas baratas,Estaciones,2221,0
2023-05-04,Buenos Aires,estacion de servicio con gnc cerca,Estaciones,3177,0
2023-05-04,Buenos Aires,cuanto sube la nafta,Precios,1027,0
2023-05-04,Entre Ríos,convertir auto a gnc precio,Alternativas,1975,0
2023-05-04,Santa Fe,bbva descuento ypf,Descuentos,2746,0
2023-05-05,Misiones,precio gasoil axion,Precios,1827,0
2023-05-05,CABA,horarios colectivo urbano,Alternativas,2251,0
2023-05-05,Santa Fe,convertir auto a gnc precio,Alternativas,1629,0
2023-05-05,Buenos Aires,estacion de servicio con gnc cerca,Estaciones,750,0
2023-05-05,CABA,monopatín eléctrico precio,Alternativas,2023,0
2023-05-06,Santa Fe,ypf cerca de mi,Estaciones,2494,0
2023-05-06,Santa Fe,estacion de servicio con gnc cerca,Estaciones,931,0
2023-05-06,CABA,estaciones de servicio mas baratas,Estaciones,1047,0
2023-05-06,Buenos Aires,estaciones de servicio mas baratas,Estaciones,885,0
2023-05-06,Córdoba,precio litro infinia shell,Precios,1108,0
2023-05-07,CABA,aumento nafta hoy,Precios,1187,0
2023-05-07,CABA,descuentos nafta modo,Descuentos,3174,0
2023-05-07,Buenos Aires,descuento nafta personal pay,Descuentos,2577,0
2023-05-08,Mendoza,puntos serviclub canje,Descuentos,2210,0
2023-05-08,Buenos Aires,aumento nafta hoy,Precios,3181,0
2023-05-08,Buenos Aires,descuentos nafta modo,Descuentos,2756,0
2023-05-09,Buenos Aires,descuentos nafta modo,Descuentos,750,0
2023-05-09,CABA,puntos serviclub canje,Descuentos,1572,0
2023-05-09,Santa Fe,horarios colectivo urbano,Alternativas,1060,0
2023-05-09,Tucumán,axion energia ubicaciones,Estaciones,1737,0
2023-05-10,CABA,precio nafta super ypf,Precios,835,0
2023-05-10,CABA,estacion de servicio con gnc cerca,Estaciones,2393,0
2023-05-10,Misiones,aumento combustible fecha,Precios,1107,0
2023-05-10,Santa Fe,estacion de servicio con gnc cerca,Estaciones,833,0
2023-05-11,Mendoza,estaciones de servicio mas baratas,Estaciones,525,0
2023-05-11,Tucumán,aplicacion ypf descuentos,Descuentos,766,0
2023-05-11,Misiones,estacion de servicio con gnc cerca,Estaciones,1506,0
2023-05-11,Buenos Aires,estaciones de servicio mas baratas,Estaciones,2333,0
2023-05-12,Buenos Aires,descuento nafta galicia,Descuentos,929,0
2023-05-12,Buenos Aires,cuanto sube la nafta,Precios,2943,0
2023-05-12,CABA,precio litro infinia shell,Precios,1251,0
2023-05-13,CABA,monopatín eléctrico precio,Alternativas,1319,0
2023-05-13,Neuquén,monopatín eléctrico precio,Alternativas,1213,0
2023-05-13,Buenos Aires,aplicacion ypf descuentos,Descuentos,2172,0
2023-05-13,CABA,equipo gnc 5ta generacion precio,Alternativas,2090,0
2023-05-14,Mendoza,equipo gnc 5ta generacion precio,Alternativas,2015,0
2023-05-14,Entre Ríos,cuanto cuesta llenar el tanque,Precios,1775,0
2023-05-14,Misiones,ypf cerca de mi,Estaciones,945,0
2023-05-14,Córdoba,descuentos nafta modo,Descuentos,864,0
2023-05-15,Buenos Aires,precio gasoil axion,Precios,6929,1
2023-05-15,Mendoza,precio nafta super ypf,Precios,8214,1
2023-05-15,CABA,tarjeta sube saldo,Alternativas,5017,1
2023-05-15,CABA,descuento nafta galicia,Descuentos,11580,1
2023-05-15,Mendoza,estacion de servicio con gnc cerca,Estaciones,7732,1
2023-05-15,Tucumán,descuento nafta personal pay,Descuentos,7083,1
2023-05-15,Córdoba,axion energia ubicaciones,Estaciones,6084,1
2023-05-15,Tucumán,aplicacion ypf descuentos,Descuentos,6337,1
2023-05-15,CABA,cuanto cuesta llenar el tanque,Precios,10416,1
2023-05-15,Buenos Aires,aumento combustible fecha,Precios,10062,1
2023-05-15,Misiones,cuanto sube la nafta,Precios,7922,1
2023-05-15,CABA,cuanto sube la nafta,Precios,7567,1
2023-05-15,Entre Ríos,banco nacion descuento combustible,Descuentos,7869,1
2023-05-15,Misiones,cuanto sube la nafta,Precios,6662,1
2023-05-16,Santa Fe,precio litro infinia shell,Precios,4323,1
2023-05-16,Buenos Aires,aplicacion ypf descuentos,Descuentos,5530,1
2023-05-16,Buenos Aires,precio litro infinia shell,Precios,6682,1
2023-05-16,CABA,puntos serviclub canje,Descuentos,5636,1
2023-05-16,Mendoza,aumento nafta hoy,Precios,5538,1
2023-05-16,Entre Ríos,axion energia ubicaciones,Estaciones,8057,1
2023-05-16,Mendoza,descuento nafta galicia,Descuentos,6175,1
2023-05-16,Buenos Aires,aumento combustible fecha,Precios,9258,1
2023-05-16,Buenos Aires,aplicacion ypf descuentos,Descuentos,5518,1
2023-05-17,CABA,axion energia ubicaciones,Estaciones,12544,1
2023-05-17,Tucumán,descuentos nafta modo,Descuentos,12614,1
2023-05-17,Buenos Aires,cuanto sube la nafta,Precios,8669,1
2023-05-17,Córdoba,bbva descuento ypf,Descuentos,9952,1
2023-05-17,CABA,puntos serviclub canje,Descuentos,15806,1
2023-05-17,Buenos Aires,aumento combustible fecha,Precios,14355,1
2023-05-17,Buenos Aires,cuanto cuesta llenar el tanque,Precios,13439,1
2023-05-17,CABA,precio gasoil axion,Precios,16177,1
2023-05-18,Buenos Aires,cuanto cuesta llenar el tanque,Precios,10933,1
2023-05-18,Mendoza,cuanto sube la nafta,Precios,5491,1
2023-05-18,Santa Fe,precio nafta hoy argentina,Precios,6801,1
2023-05-18,Buenos Aires,descuentos nafta modo,Descuentos,10027,1
2023-05-18,CABA,aumento combustible fecha,Precios,4524,1
2023-05-18,Córdoba,descuento nafta galicia,Descuentos,5432,1
2023-05-18,Misiones,precio litro infinia shell,Precios,7699,1
2023-05-18,Buenos Aires,precio gasoil axion,Precios,8126,1
2023-05-18,Buenos Aires,estaciones de servicio mas baratas,Estaciones,8663,1
2023-05-18,Buenos Aires,precio gasoil axion,Precios,10996,1
2023-05-19,Salta,descuento nafta personal pay,Descuentos,5403,1
2023-05-19,Córdoba,convertir auto a gnc precio,Alternativas,7984,1
2023-05-19,Buenos Aires,puntos serviclub canje,Descuentos,4670,1
2023-05-19,Tucumán,precio litro infinia shell,Precios,5324,1
2023-05-19,Misiones,aumento nafta hoy,Precios,6886,1
2023-05-19,Córdoba,descuentos nafta modo,Descuentos,6391,1
2023-05-19,CABA,puntos serviclub canje,Descuentos,12086,1
2023-05-19,Santa Fe,horarios colectivo urbano,Alternativas,5786,1
2023-05-19,Santa Fe,promociones cuenta dni nafta,Descuentos,7480,1
2023-05-19,Mendoza,aumento combustible fecha,Precios,3874,1
2023-05-19,Córdoba,shell abierta ahora,Estaciones,6766,1
2023-05-19,Santa Fe,precio nafta super ypf,Precios,7220,1
2023-05-20,CABA,estaciones de servicio mas baratas,Estaciones,1442,0
2023-05-20,CABA,cuanto cuesta llenar el tanque,Precios,2000,0
2023-05-21,CABA,shell abierta ahora,Estaciones,2489,0
2023-05-21,CABA,equipo gnc 5ta generacion precio,Alternativas,3148,0
2023-05-21,Buenos Aires,monopatín eléctrico precio,Alternativas,2460,0
2023-05-21,Buenos Aires,promociones cuenta dni nafta,Descuentos,1284,0
2023-05-21,Buenos Aires,estaciones de servicio mas baratas,Estaciones,1224,0
2023-05-22,Misiones,ypf cerca de mi,Estaciones,1997,0
2023-05-22,Córdoba,precio nafta super ypf,Precios,1752,0
2023-05-23,Buenos Aires,puntos serviclub canje,Descuentos,2620,0
2023-05-23,Santa Fe,horarios colectivo urbano,Alternativas,1992,0
2023-05-23,Buenos Aires,horarios colectivo urbano,Alternativas,1291,0
2023-05-23,Córdoba,ypf cerca de mi,Estaciones,2185,0
2023-05-24,Entre Ríos,promociones cuenta dni nafta,Descuentos,572,0
2023-05-24,Santa Fe,estaciones de servicio mas baratas,Estaciones,2072,0
2023-05-24,Córdoba,convertir auto a gnc precio,Alternativas,1117,0
2023-05-25,Córdoba,cuanto cuesta llenar el tanque,Precios,1060,0
2023-05-25,Mendoza,estaciones de servicio mas baratas,Estaciones,783,0
2023-05-25,Santa Fe,descuento nafta galicia,Descuentos,1458,0
2023-05-26,Entre Ríos,bbva descuento ypf,Descuentos,545,0
2023-05-26,Buenos Aires,estaciones de servicio mas baratas,Estaciones,1612,0
2023-05-26,CABA,cuanto cuesta llenar el tanque,Precios,2748,0
2023-05-26,CABA,bbva descuento ypf,Descuentos,1244,0
2023-05-27,Misiones,cuanto cuesta llenar el tanque,Precios,876,0
2023-05-27,Santa Fe,axion energia ubicaciones,Estaciones,2491,0
2023-05-27,Tucumán,aumento nafta hoy,Precios,1570,0
2023-05-28,Buenos Aires,cuanto sube la nafta,Precios,1016,0
2023-05-28,Buenos Aires,aplicacion ypf descuentos,Descuentos,3251,0
2023-05-28,Santa Fe,aumento combustible fecha,Precios,2365,0
2023-05-28,Tucumán,horarios colectivo urbano,Alternativas,818,0
2023-05-28,Córdoba,precio litro infinia shell,Precios,1572,0
2023-05-29,Misiones,banco nacion descuento combustible,Descuentos,989,0
2023-05-29,CABA,cuanto cuesta llenar el tanque,Precios,3094,0
2023-05-29,Salta,cuanto gasta un auto por kilometro,Alternativas,1148,0
2023-05-29,Buenos Aires,tarjeta sube saldo,Alternativas,1380,0
2023-05-29,Santa Fe,equipo gnc 5ta generacion precio,Alternativas,2428,0
2023-05-30,Mendoza,descuento nafta galicia,Descuentos,2185,0
2023-05-30,Mendoza,axion energia ubicaciones,Estaciones,1271,0
2023-05-31,Córdoba,precio gasoil axion,Precios,695,0
2023-05-31,Buenos Aires,monopatín eléctrico precio,Alternativas,2001,0
2023-05-31,Buenos Aires,aumento combustible fecha,Precios,1738,0
2023-06-01,Entre Ríos,shell abierta ahora,Estaciones,1120,0
2023-06-01,Tucumán,descuento nafta personal pay,Descuentos,568,0
2023-06-01,Buenos Aires,horarios colectivo urbano,Alternativas,1107,0
2023-06-02,CABA,descuento nafta personal pay,Descuentos,3418,0
2023-06-02,CABA,cuanto gasta un auto por kilometro,Alternativas,2877,0
2023-06-03,Córdoba,convertir auto a gnc precio,Alternativas,1408,0
2023-06-03,CABA,shell abierta ahora,Estaciones,1965,0
2023-06-04,Mendoza,equipo gnc 5ta generacion precio,Alternativas,970,0
2023-06-04,CABA,descuento nafta galicia,Descuentos,1578,0
2023-06-04,CABA,puntos serviclub canje,Descuentos,2737,0
2023-06-05,Buenos Aires,aumento combustible fecha,Precios,1551,0
2023-06-05,Mendoza,estaciones de servicio mas baratas,Estaciones,1937,0
2023-06-05,Buenos Aires,precio litro infinia shell,Precios,1269,0
2023-06-05,CABA,aumento nafta hoy,Precios,1590,0
2023-06-05,Córdoba,precio nafta hoy argentina,Precios,2244,0
2023-06-06,CABA,shell abierta ahora,Estaciones,2691,0
2023-06-06,Mendoza,horarios colectivo urbano,Alternativas,829,0
2023-06-06,CABA,cuanto gasta un auto por kilometro,Alternativas,1875,0
2023-06-06,Córdoba,axion energia ubicaciones,Estaciones,2933,0
2023-06-07,Córdoba,cuanto sube la nafta,Precios,816,0
2023-06-07,Santa Fe,cuanto sube la nafta,Precios,2732,0
2023-06-07,Buenos Aires,axion energia ubicaciones,Estaciones,834,0
2023-06-07,Mendoza,cuanto sube la nafta,Precios,1910,0
2023-06-07,Córdoba,ypf cerca de mi,Estaciones,2238,0
2023-06-08,Mendoza,estaciones de servicio mas baratas,Estaciones,1616,0
2023-06-08,Tucumán,horarios colectivo urbano,Alternativas,1887,0
2023-06-08,CABA,monopatín eléctrico precio,Alternativas,2429,0
2023-06-09,CABA,aplicacion ypf descuentos,Descuentos,2931,0
2023-06-09,Santa Fe,aumento combustible fecha,Precios,1103,0
2023-06-09,Buenos Aires,descuento nafta galicia,Descuentos,973,0
2023-06-10,Buenos Aires,axion energia ubicaciones,Estaciones,762,0
2023-06-10,Tucumán,puntos serviclub canje,Descuentos,720,0
2023-06-10,Córdoba,aplicacion ypf descuentos,Descuentos,537,0
2023-06-10,CABA,precio gasoil axion,Precios,1530,0
2023-06-11,Buenos Aires,puntos serviclub canje,Descuentos,3129,0
2023-06-11,Tucumán,convertir auto a gnc precio,Alternativas,847,0
2023-06-11,Santa Fe,aumento combustible fecha,Precios,1229,0
2023-06-11,Córdoba,promociones cuenta dni nafta,Descuentos,2641,0
2023-06-11,CABA,estacion de servicio con gnc cerca,Estaciones,2702,0
2023-06-12,Santa Fe,estacion de servicio con gnc cerca,Estaciones,1912,0
2023-06-12,CABA,aumento combustible fecha,Precios,1693,0
2023-06-12,CABA,tarjeta sube saldo,Alternativas,2735,0
2023-06-12,Mendoza,bbva descuento ypf,Descuentos,1792,0
2023-06-13,Buenos Aires,cuanto cuesta llenar el tanque,Precios,2987,0
2023-06-13,Buenos Aires,descuento nafta personal pay,Descuentos,1553,0
2023-06-13,Buenos Aires,precio litro infinia shell,Precios,2236,0
2023-06-13,Tucumán,estaciones de servicio mas baratas,Estaciones,883,0
2023-06-14,Santa Fe,banco nacion descuento combustible,Descuentos,2802,0
2023-06-14,CABA,descuento nafta personal pay,Descuentos,3436,0
2023-06-14,Buenos Aires,ypf cerca de mi,Estaciones,2146,0
2023-06-15,CABA,equipo gnc 5ta generacion precio,Alternativas,10597,1
2023-06-15,Buenos Aires,cuanto sube la nafta,Precios,7358,1
2023-06-15,Salta,cuanto sube la nafta,Precios,6375,1
2023-06-15,Buenos Aires,banco nacion descuento combustible,Descuentos,7061,1
2023-06-15,Córdoba,descuento nafta galicia,Descuentos,8725,1
2023-06-15,Buenos Aires,descuentos nafta modo,Descuentos,6643,1
2023-06-15,Entre Ríos,estacion de servicio con gnc cerca,Estaciones,3798,1
2023-06-15,Neuquén,axion energia ubicaciones,Estaciones,6005,1
2023-06-15,Buenos Aires,descuento nafta galicia,Descuentos,9330,1
2023-06-15,CABA,horarios colectivo urbano,Alternativas,10576,1
2023-06-15,CABA,aumento nafta hoy,Precios,7649,1
2023-06-16,Santa Fe,puntos serviclub canje,Descuentos,8248,1
2023-06-16,Córdoba,bbva descuento ypf,Descuentos,7482,1
2023-06-16,Córdoba,horarios colectivo urbano,Alternativas,7072,1
2023-06-16,Buenos Aires,puntos serviclub canje,Descuentos,8409,1
2023-06-16,CABA,aumento nafta hoy,Precios,8543,1
2023-06-16,Misiones,equipo gnc 5ta generacion precio,Alternativas,5717,1
2023-06-16,Santa Fe,aplicacion ypf descuentos,Descuentos,8599,1
2023-06-16,Santa Fe,promociones cuenta dni nafta,Descuentos,4751,1
2023-06-16,Córdoba,descuento nafta galicia,Descuentos,7234,1
2023-06-16,Buenos Aires,aumento combustible fecha,Precios,6530,1
2023-06-16,Buenos Aires,descuentos nafta modo,Descuentos,11413,1
2023-06-16,Buenos Aires,descuentos nafta modo,Descuentos,4848,1
2023-06-16,CABA,descuento nafta personal pay,Descuentos,8614,1
2023-06-16,Entre Ríos,ypf cerca de mi,Estaciones,4304,1
2023-06-16,Tucumán,banco nacion descuento combustible,Descuentos,5110,1
2023-06-17,Buenos Aires,descuento nafta personal pay,Descuentos,16072,1
2023-06-17,Buenos Aires,estacion de servicio con gnc cerca,Estaciones,18431,1
2023-06-17,Santa Fe,cuanto sube la nafta,Precios,8254,1
2023-06-17,CABA,estaciones de servicio mas baratas,Estaciones,10446,1
2023-06-17,Santa Fe,descuentos nafta modo,Descuentos,15958,1
2023-06-17,Mendoza,aumento nafta hoy,Precios,11750,1
2023-06-17,CABA,promociones cuenta dni nafta,Descuentos,16433,1
2023-06-17,Mendoza,precio litro infinia shell,Precios,14954,1
2023-06-17,CABA,precio litro infinia shell,Precios,17161,1
2023-06-17,Misiones,aumento combustible fecha,Precios,11415,1
2023-06-17,Buenos Aires,cuanto cuesta llenar el tanque,Precios,19866,1
2023-06-17,Buenos Aires,precio litro infinia shell,Precios,13272,1
2023-06-17,CABA,aumento nafta hoy,Precios,10193,1
2023-06-17,Salta,banco nacion descuento combustible,Descuentos,8430,1
2023-06-17,Misiones,precio gasoil axion,Precios,13542,1
2023-06-18,Córdoba,axion energia ubicaciones,Estaciones,9342,1
2023-06-18,CABA,aumento nafta hoy,Precios,8368,1
2023-06-18,Salta,precio nafta hoy argentina,Precios,4490,1
2023-06-18,CABA,bbva descuento ypf,Descuentos,4982,1
2023-06-18,Mendoza,aplicacion ypf descuentos,Descuentos,5653,1
2023-06-18,CABA,descuento nafta galicia,Descuentos,9143,1
2023-06-18,Entre Ríos,cuanto sube la nafta,Precios,4344,1
2023-06-18,Mendoza,descuento nafta personal pay,Descuentos,6609,1
2023-06-18,Tucumán,cuanto cuesta llenar el tanque,Precios,7643,1
2023-06-18,CABA,aumento nafta hoy,Precios,5266,1
2023-06-18,Buenos Aires,precio nafta super ypf,Precios,6929,1
2023-06-18,Córdoba,promociones cuenta dni nafta,Descuentos,4255,1
2023-06-18,Buenos Aires,descuentos nafta modo,Descuentos,8939,1
2023-06-18,Buenos Aires,descuento nafta personal pay,Descuentos,4559,1
2023-06-18,Buenos Aires,precio litro infinia shell,Precios,5424,1
2023-06-18,Neuquén,monopatín eléctrico precio,Alternativas,5553,1
2023-06-18,CABA,aplicacion ypf descuentos,Descuentos,5462,1
2023-06-18,Mendoza,bbva descuento ypf,Descuentos,3807,1
2023-06-19,Buenos Aires,cuanto sube la nafta,Precios,8558,1
2023-06-19,Córdoba,bbva descuento ypf,Descuentos,6928,1
2023-06-19,Buenos Aires,precio nafta super ypf,Precios,7003,1
2023-06-19,Córdoba,aumento combustible fecha,Precios,6943,1
2023-06-19,Entre Ríos,horarios colectivo urbano,Alternativas,7045,1
2023-06-19,Mendoza,bbva descuento ypf,Descuentos,5020,1
2023-06-19,Mendoza,descuento nafta galicia,Descuentos,6573,1
2023-06-19,Mendoza,banco nacion descuento combustible,Descuentos,4370,1
2023-06-19,Neuquén,precio gasoil axion,Precios,4617,1
2023-06-19,CABA,banco nacion descuento combustible,Descuentos,6702,1
2023-06-19,Córdoba,descuentos nafta modo,Descuentos,7229,1
2023-06-19,Buenos Aires,banco nacion descuento combustible,Descuentos,11664,1
2023-06-19,Neuquén,equipo gnc 5ta generacion precio,Alternativas,6286,1
2023-06-19,Mendoza,aumento combustible fecha,Precios,5306,1
2023-06-19,CABA,descuentos nafta modo,Descuentos,8285,1
2023-06-19,Buenos Aires,aumento combustible fecha,Precios,8713,1
2023-06-20,Córdoba,estaciones de servicio mas baratas,Estaciones,1016,0
2023-06-20,Salta,monopatín eléctrico precio,Alternativas,841,0
2023-06-20,Buenos Aires,aumento combustible fecha,Precios,1354,0
2023-06-20,Mendoza,cuanto cuesta llenar el tanque,Precios,1355,0
2023-06-21,CABA,puntos serviclub canje,Descuentos,3302,0
2023-06-21,Córdoba,estacion de servicio con gnc cerca,Estaciones,2792,0
2023-06-22,Salta,ypf cerca de mi,Estaciones,676,0
2023-06-22,Buenos Aires,equipo gnc 5ta generacion precio,Alternativas,2961,0
2023-06-23,CABA,aplicacion ypf descuentos,Descuentos,2193,0
2023-06-23,Buenos Aires,descuento nafta personal pay,Descuentos,1712,0
2023-06-24,Tucumán,tarjeta sube saldo,Alternativas,1399,0
2023-06-24,Buenos Aires,precio nafta hoy argentina,Precios,1993,0
2023-06-24,Buenos Aires,bbva descuento ypf,Descuentos,1527,0
2023-06-24,Buenos Aires,precio gasoil axion,Precios,2208,0
2023-06-24,Santa Fe,aplicacion ypf descuentos,Descuentos,2496,0
2023-06-25,Mendoza,precio nafta hoy argentina,Precios,1686,0
2023-06-25,Buenos Aires,ypf cerca de mi,Estaciones,2918,0
2023-06-25,Salta,equipo gnc 5ta generacion precio,Alternativas,586,0
2023-06-25,Buenos Aires,precio gasoil axion,Precios,3013,0
2023-06-26,CABA,descuentos nafta modo,Descuentos,1392,0
2023-06-26,Mendoza,axion energia ubicaciones,Estaciones,1666,0
2023-06-26,Entre Ríos,precio nafta hoy argentina,Precios,1825,0
2023-06-26,Santa Fe,ypf cerca de mi,Estaciones,2596,0
2023-06-27,CABA,estacion de servicio con gnc cerca,Estaciones,872,0
2023-06-27,Tucumán,shell abierta ahora,Estaciones,2075,0
2023-06-27,CABA,descuentos nafta modo,Descuentos,3236,0
2023-06-27,Tucumán,cuanto sube la nafta,Precios,2216,0
2023-06-28,CABA,precio gasoil axion,Precios,3022,0
2023-06-28,Salta,equipo gnc 5ta generacion precio,Alternativas,1318,0
2023-06-28,Santa Fe,estacion de servicio con gnc cerca,Estaciones,2542,0
2023-06-28,Córdoba,bbva descuento ypf,Descuentos,1619,0
2023-06-29,Mendoza,precio litro infinia shell,Precios,2219,0
2023-06-29,CABA,aumento nafta hoy,Precios,1908,0
2023-06-29,CABA,precio nafta hoy argentina,Precios,1127,0
2023-06-30,Santa Fe,convertir auto a gnc precio,Alternativas,570,0
2023-06-30,CABA,descuento nafta galicia,Descuentos,2996,0
2023-06-30,Buenos Aires,precio nafta super ypf,Precios,1337,0
2023-06-30,Tucumán,precio nafta hoy argentina,Precios,571,0
2023-07-01,Córdoba,cuanto gasta un auto por kilometro,Alternativas,2401,0
2023-07-01,Buenos Aires,cuanto sube la nafta,Precios,1811,0
2023-07-02,Córdoba,cuanto sube la nafta,Precios,1606,0
2023-07-02,Buenos Aires,ypf cerca de mi,Estaciones,2615,0
2023-07-02,Santa Fe,aumento combustible fecha,Precios,1079,0
2023-07-02,Córdoba,equipo gnc 5ta generacion precio,Alternativas,932,0
2023-07-03,Buenos Aires,ypf cerca de mi,Estaciones,1130,0
2023-07-03,CABA,descuento nafta galicia,Descuentos,1283,0
2023-07-03,CABA,monopatín eléctrico precio,Alternativas,1803,0
2023-07-03,Buenos Aires,precio gasoil axion,Precios,3224,0
2023-07-04,Tucumán,cuanto sube la nafta,Precios,1357,0
2023-07-04,Buenos Aires,horarios colectivo urbano,Alternativas,1628,0
2023-07-04,Entre Ríos,descuento nafta galicia,Descuentos,2080,0
2023-07-04,Tucumán,aumento nafta hoy,Precios,870,0
2023-07-04,CABA,puntos serviclub canje,Descuentos,1849,0
2023-07-05,Buenos Aires,equipo gnc 5ta generacion precio,Alternativas,3087,0
2023-07-05,Buenos Aires,monopatín eléctrico precio,Alternativas,3597,0
2023-07-05,CABA,descuento nafta galicia,Descuentos,644,0
2023-07-06,Buenos Aires,descuentos nafta modo,Descuentos,7740,1
2023-07-06,Buenos Aires,shell abierta ahora,Estaciones,8025,1
2023-07-06,Misiones,equipo gnc 5ta generacion precio,Alternativas,6396,1
2023-07-06,Mendoza,precio gasoil axion,Precios,6001,1
2023-07-06,CABA,precio gasoil axion,Precios,8070,1
2023-07-06,Misiones,aumento nafta hoy,Precios,5623,1
2023-07-06,Santa Fe,descuentos nafta modo,Descuentos,4497,1
2023-07-06,Santa Fe,precio nafta hoy argentina,Precios,7133,1
2023-07-06,CABA,cuanto sube la nafta,Precios,7882,1
2023-07-07,Salta,precio litro infinia shell,Precios,8201,1
2023-07-07,Buenos Aires,precio gasoil axion,Precios,9562,1
2023-07-07,Buenos Aires,cuanto cuesta llenar el tanque,Precios,7426,1
2023-07-07,Misiones,aumento combustible fecha,Precios,6441,1
2023-07-07,Salta,tarjeta sube saldo,Alternativas,4477,1
2023-07-07,Buenos Aires,precio nafta super ypf,Precios,7364,1
2023-07-07,Mendoza,convertir auto a gnc precio,Alternativas,8086,1
2023-07-07,CABA,aumento nafta hoy,Precios,6652,1
2023-07-07,Buenos Aires,cuanto cuesta llenar el tanque,Precios,7986,1
2023-07-07,Mendoza,precio nafta hoy argentina,Precios,7513,1
2023-07-07,Buenos Aires,cuanto sube la nafta,Precios,6605,1
2023-07-07,Buenos Aires,aumento nafta hoy,Precios,8005,1
2023-07-07,Buenos Aires,precio gasoil axion,Precios,7472,1
2023-07-07,Buenos Aires,precio gasoil axion,Precios,6251,1
2023-07-07,Salta,bbva descuento ypf,Descuentos,7790,1
2023-07-07,CABA,descuento nafta personal pay,Descuentos,11049,1
2023-07-07,Tucumán,descuento nafta personal pay,Descuentos,3784,1
2023-07-08,Mendoza,precio litro infinia shell,Precios,8965,1
2023-07-08,Buenos Aires,precio gasoil axion,Precios,13670,1
2023-07-08,CABA,shell abierta ahora,Estaciones,10107,1
2023-07-08,Salta,estacion de servicio con gnc cerca,Estaciones,13910,1
2023-07-08,Buenos Aires,descuento nafta personal pay,Descuentos,17794,1
2023-07-08,Buenos Aires,promociones cuenta dni nafta,Descuentos,9554,1
2023-07-08,Santa Fe,banco nacion descuento combustible,Descuentos,8284,1
2023-07-08,Buenos Aires,tarjeta sube saldo,Alternativas,15939,1
2023-07-08,Mendoza,descuentos nafta modo,Descuentos,11308,1
2023-07-08,Santa Fe,tarjeta sube saldo,Alternativas,11127,1
2023-07-08,CABA,precio nafta super ypf,Precios,17437,1
2023-07-09,Neuquén,descuentos nafta modo,Descuentos,4386,1
2023-07-09,Buenos Aires,descuento nafta galicia,Descuentos,4855,1
2023-07-09,CABA,puntos serviclub canje,Descuentos,5331,1
2023-07-09,Mendoza,promociones cuenta dni nafta,Descuentos,4631,1
2023-07-09,Buenos Aires,precio litro infinia shell,Precios,4373,1
2023-07-09,Salta,convertir auto a gnc precio,Alternativas,8251,1
2023-07-09,Buenos Aires,aumento nafta hoy,Precios,10539,1
2023-07-09,Buenos Aires,puntos serviclub canje,Descuentos,6074,1
2023-07-09,Santa Fe,precio gasoil axion,Precios,5336,1
2023-07-09,Tucumán,precio nafta super ypf,Precios,7931,1
2023-07-09,CABA,promociones cuenta dni nafta,Descuentos,9887,1
2023-07-09,Santa Fe,estacion de servicio con gnc cerca,Estaciones,8845,1
2023-07-09,Santa Fe,banco nacion descuento combustible,Descuentos,5560,1
2023-07-09,Entre Ríos,aumento nafta hoy,Precios,6160,1
2023-07-10,Buenos Aires,cuanto sube la nafta,Precios,10198,1
2023-07-10,Tucumán,precio litro infinia shell,Precios,5861,1
2023-07-10,CABA,aumento nafta hoy,Precios,6707,1
2023-07-10,Córdoba,descuento nafta personal pay,Descuentos,9308,1
2023-07-10,Santa Fe,promociones cuenta dni nafta,Descuentos,3881,1
2023-07-10,Mendoza,cuanto sube la nafta,Precios,6208,1
2023-07-10,Santa Fe,descuento nafta galicia,Descuentos,8351,1
2023-07-10,CABA,banco nacion descuento combustible,Descuentos,7639,1
2023-07-10,Buenos Aires,precio nafta super ypf,Precios,11370,1
2023-07-10,Buenos Aires,aumento combustible fecha,Precios,7107,1
2023-07-10,Buenos Aires,descuentos nafta modo,Descuentos,10301,1
2023-07-10,Buenos Aires,puntos serviclub canje,Descuentos,11124,1
2023-07-10,Córdoba,banco nacion descuento combustible,Descuentos,5586,1
2023-07-10,CABA,descuento nafta personal pay,Descuentos,7986,1
2023-07-10,Buenos Aires,precio nafta hoy argentina,Precios,10278,1
2023-07-10,Misiones,cuanto sube la nafta,Precios,6075,1
2023-07-10,Misiones,descuentos nafta modo,Descuentos,7466,1
2023-07-10,CABA,precio nafta super ypf,Precios,11635,1
2023-07-10,Santa Fe,cuanto cuesta llenar el tanque,Precios,8160,1
2023-07-11,Santa Fe,aumento nafta hoy,Precios,2254,0
2023-07-11,Tucumán,aplicacion ypf descuentos,Descuentos,1625,0
2023-07-11,Buenos Aires,cuanto gasta un auto por kilometro,Alternativas,982,0
2023-07-11,CABA,bbva descuento ypf,Descuentos,3018,0
2023-07-12,Buenos Aires,horarios colectivo urbano,Alternativas,1997,0
2023-07-12,Buenos Aires,horarios colectivo urbano,Alternativas,1540,0
2023-07-12,Córdoba,shell abierta ahora,Estaciones,1233,0
2023-07-12,Neuquén,shell abierta ahora,Estaciones,1971,0
2023-07-12,CABA,estaciones de servicio mas baratas,Estaciones,3066,0
2023-07-13,Tucumán,shell abierta ahora,Estaciones,858,0
2023-07-13,CABA,precio litro infinia shell,Precios,3271,0
2023-07-13,CABA,monopatín eléctrico precio,Alternativas,3034,0
2023-07-13,Buenos Aires,monopatín eléctrico precio,Alternativas,2714,0
2023-07-14,Santa Fe,monopatín eléctrico precio,Alternativas,2334,0
2023-07-14,Neuquén,descuento nafta galicia,Descuentos,2021,0
2023-07-14,Córdoba,tarjeta sube saldo,Alternativas,1437,0
2023-07-15,Buenos Aires,cuanto cuesta llenar el tanque,Precios,1750,0
2023-07-15,Buenos Aires,aumento nafta hoy,Precios,2362,0
2023-07-15,CABA,monopatín eléctrico precio,Alternativas,1546,0
2023-07-15,Córdoba,promociones cuenta dni nafta,Descuentos,1004,0
2023-07-16,Entre Ríos,ypf cerca de mi,Estaciones,1508,0
2023-07-16,Buenos Aires,descuento nafta galicia,Descuentos,2775,0
2023-07-17,Salta,descuento nafta personal pay,Descuentos,1448,0
2023-07-17,Santa Fe,aumento nafta hoy,Precios,1055,0
2023-07-17,Buenos Aires,precio litro infinia shell,Precios,1175,0
2023-07-18,CABA,tarjeta sube saldo,Alternativas,1535,0
2023-07-18,Córdoba,tarjeta sube saldo,Alternativas,1778,0
2023-07-18,Buenos Aires,cuanto cuesta llenar el tanque,Precios,2142,0
2023-07-18,Buenos Aires,tarjeta sube saldo,Alternativas,3394,0
2023-07-18,Tucumán,cuanto cuesta llenar el tanque,Precios,1589,0
2023-07-19,Neuquén,promociones cuenta dni nafta,Descuentos,1192,0
2023-07-19,Buenos Aires,ypf cerca de mi,Estaciones,3550,0
2023-07-19,Buenos Aires,shell abierta ahora,Estaciones,2154,0
2023-07-19,Misiones,precio litro infinia shell,Precios,532,0
2023-07-19,Buenos Aires,monopatín eléctrico precio,Alternativas,851,0
2023-07-20,Buenos Aires,convertir auto a gnc precio,Alternativas,1544,0
2023-07-20,CABA,axion energia ubicaciones,Estaciones,816,0
2023-07-20,Córdoba,equipo gnc 5ta generacion precio,Alternativas,960,0
2023-07-21,Tucumán,cuanto cuesta llenar el tanque,Precios,1079,0
2023-07-21,Buenos Aires,promociones cuenta dni nafta,Descuentos,1347,0
2023-07-22,Tucumán,estaciones de servicio mas baratas,Estaciones,1002,0
2023-07-22,Córdoba,puntos serviclub canje,Descuentos,2644,0
2023-07-22,Córdoba,precio nafta hoy argentina,Precios,1038,0
2023-07-23,Tucumán,cuanto gasta un auto por kilometro,Alternativas,2077,0
2023-07-23,Buenos Aires,horarios colectivo urbano,Alternativas,3057,0
2023-07-24,CABA,cuanto cuesta llenar el tanque,Precios,1609,0
2023-07-24,CABA,precio nafta hoy argentina,Precios,2459,0
2023-07-24,CABA,descuento nafta galicia,Descuentos,772,0
2023-07-24,Córdoba,cuanto sube la nafta,Precios,1849,0
2023-07-25,Misiones,precio gasoil axion,Precios,1856,0
2023-07-25,Buenos Aires,monopatín eléctrico precio,Alternativas,910,0
2023-07-26,Córdoba,promociones cuenta dni nafta,Descuentos,2251,0
2023-07-26,CABA,promociones cuenta dni nafta,Descuentos,764,0
2023-07-26,Mendoza,monopatín eléctrico precio,Alternativas,1436,0
2023-07-26,Buenos Aires,precio gasoil axion,Precios,2173,0
2023-07-26,Buenos Aires,banco nacion descuento combustible,Descuentos,2836,0
2023-07-27,Buenos Aires,aumento combustible fecha,Precios,2399,0
2023-07-27,CABA,estacion de servicio con gnc cerca,Estaciones,1182,0
2023-07-27,Misiones,precio litro infinia shell,Precios,1403,0
2023-07-27,Córdoba,monopatín eléctrico precio,Alternativas,971,0
2023-07-27,Buenos Aires,precio nafta hoy argentina,Precios,1893,0
2023-07-28,Buenos Aires,descuento nafta personal pay,Descuentos,1323,0
2023-07-28,Santa Fe,shell abierta ahora,Estaciones,568,0
2023-07-28,Santa Fe,cuanto gasta un auto por kilometro,Alternativas,2142,0
2023-07-28,Santa Fe,shell abierta ahora,Estaciones,2757,0
2023-07-29,CABA,shell abierta ahora,Estaciones,2973,0
2023-07-29,Salta,precio litro infinia shell,Precios,2134,0
2023-07-29,Buenos Aires,puntos serviclub canje,Descuentos,1047,0
2023-07-29,Córdoba,equipo gnc 5ta generacion precio,Alternativas,990,0
2023-07-29,Buenos Aires,precio nafta hoy argentina,Precios,1043,0
2023-07-30,Buenos Aires,banco nacion descuento combustible,Descuentos,1499,0
2023-07-30,Mendoza,axion energia ubicaciones,Estaciones,990,0
2023-07-30,CABA,cuanto sube la nafta,Precios,1022,0
2023-07-30,CABA,aumento combustible fecha,Precios,3484,0
2023-07-30,Buenos Aires,puntos serviclub canje,Descuentos,1182,0
2023-07-31,Santa Fe,axion energia ubicaciones,Estaciones,1778,0
2023-07-31,Buenos Aires,descuento nafta personal pay,Descuentos,884,0
2023-07-31,Buenos Aires,ypf cerca de mi,Estaciones,2669,0
2023-07-31,CABA,cuanto gasta un auto por kilometro,Alternativas,1287,0
2023-08-01,Córdoba,cuanto gasta un auto por kilometro,Alternativas,1900,0
2023-08-01,Buenos Aires,estacion de servicio con gnc cerca,Estaciones,1722,0
2023-08-01,Buenos Aires,estaciones de servicio mas baratas,Estaciones,1251,0
2023-08-01,Buenos Aires,ypf cerca de mi,Estaciones,1038,0
2023-08-02,Córdoba,descuentos nafta modo,Descuentos,2305,0
2023-08-02,Buenos Aires,aumento combustible fecha,Precios,2580,0
2023-08-02,CABA,axion energia ubicaciones,Estaciones,2631,0
2023-08-02,Tucumán,precio nafta hoy argentina,Precios,1501,0
2023-08-03,Córdoba,aumento nafta hoy,Precios,1186,0
2023-08-03,Tucumán,precio nafta hoy argentina,Precios,1691,0
2023-08-03,Santa Fe,equipo gnc 5ta generacion precio,Alternativas,1738,0
2023-08-04,Córdoba,axion energia ubicaciones,Estaciones,1494,0
2023-08-04,Salta,equipo gnc 5ta generacion precio,Alternativas,1437,0
2023-08-04,Mendoza,precio nafta super ypf,Precios,1531,0
2023-08-04,Santa Fe,puntos serviclub canje,Descuentos,1048,0
2023-08-05,Buenos Aires,cuanto sube la nafta,Precios,2277,0
2023-08-05,Santa Fe,aumento combustible fecha,Precios,658,0
2023-08-05,CABA,descuento nafta galicia,Descuentos,3191,0
2023-08-05,Santa Fe,monopatín eléctrico precio,Alternativas,798,0
2023-08-06,Santa Fe,equipo gnc 5ta generacion precio,Alternativas,1750,0
2023-08-06,Santa Fe,estacion de servicio con gnc cerca,Estaciones,1865,0
2023-08-06,CABA,cuanto cuesta llenar el tanque,Precios,1792,0
2023-08-06,Santa Fe,descuento nafta personal pay,Descuentos,2198,0
2023-08-07,Mendoza,equipo gnc 5ta generacion precio,Alternativas,1538,0
2023-08-07,Mendoza,monopatín eléctrico precio,Alternativas,1444,0
2023-08-07,Santa Fe,shell abierta ahora,Estaciones,814,0
2023-08-08,Buenos Aires,tarjeta sube saldo,Alternativas,3111,0
2023-08-08,CABA,axion energia ubicaciones,Estaciones,2151,0
2023-08-08,Mendoza,banco nacion descuento combustible,Descuentos,2443,0
2023-08-08,Buenos Aires,monopatín eléctrico precio,Alternativas,2972,0
2023-08-09,Santa Fe,shell abierta ahora,Estaciones,1479,0
2023-08-09,Tucumán,monopatín eléctrico precio,Alternativas,1446,0
2023-08-09,Entre Ríos,puntos serviclub canje,Descuentos,2394,0
2023-08-10,Entre Ríos,monopatín eléctrico precio,Alternativas,1582,0
2023-08-10,Tucumán,cuanto gasta un auto por kilometro,Alternativas,690,0
2023-08-10,Buenos Aires,shell abierta ahora,Estaciones,1221,0
2023-08-11,Buenos Aires,shell abierta ahora,Estaciones,1400,0
2023-08-11,CABA,cuanto cuesta llenar el tanque,Precios,2485,0
2023-08-12,CABA,shell abierta ahora,Estaciones,1184,0
2023-08-12,Mendoza,horarios colectivo urbano,Alternativas,871,0
2023-08-12,Neuquén,banco nacion descuento combustible,Descuentos,946,0
2023-08-13,Santa Fe,descuentos nafta modo,Descuentos,1592,0
2023-08-13,Buenos Aires,banco nacion descuento combustible,Descuentos,2453,0
2023-08-13,Entre Ríos,estacion de servicio con gnc cerca,Estaciones,746,0
2023-08-13,Buenos Aires,precio nafta hoy argentina,Precios,1898,0
2023-08-13,Mendoza,puntos serviclub canje,Descuentos,1779,0
2023-08-14,Neuquén,precio litro infinia shell,Precios,1969,0
2023-08-14,Buenos Aires,axion energia ubicaciones,Estaciones,2026,0
2023-08-14,CABA,aumento combustible fecha,Precios,1674,0
2023-08-15,Misiones,precio nafta super ypf,Precios,1880,0
2023-08-15,Santa Fe,axion energia ubicaciones,Estaciones,909,0
2023-08-15,Mendoza,aumento combustible fecha,Precios,805,0
2023-08-16,Santa Fe,aumento combustible fecha,Precios,3977,1
2023-08-16,Neuquén,banco nacion descuento combustible,Descuentos,6140,1
2023-08-16,Misiones,aumento nafta hoy,Precios,5051,1
2023-08-16,CABA,descuentos nafta modo,Descuentos,6264,1
2023-08-16,Buenos Aires,ypf cerca de mi,Estaciones,7075,1
2023-08-16,Mendoza,estaciones de servicio mas baratas,Estaciones,8490,1
2023-08-16,CABA,aumento nafta hoy,Precios,7399,1
2023-08-16,CABA,descuento nafta personal pay,Descuentos,6971,1
2023-08-16,Buenos Aires,tarjeta sube saldo,Alternativas,8233,1
2023-08-16,Santa Fe,precio gasoil axion,Precios,7483,1
2023-08-16,Santa Fe,estaciones de servicio mas baratas,Estaciones,5011,1
2023-08-16,Buenos Aires,descuento nafta personal pay,Descuentos,7728,1
2023-08-16,CABA,banco nacion descuento combustible,Descuentos,11571,1
2023-08-16,Salta,precio litro infinia shell,Precios,5910,1
2023-08-16,Buenos Aires,descuentos nafta modo,Descuentos,7976,1
2023-08-16,Buenos Aires,aumento nafta hoy,Precios,11239,1
2023-08-16,Entre Ríos,aumento combustible fecha,Precios,7002,1
2023-08-17,Buenos Aires,descuento nafta galicia,Descuentos,5379,1
2023-08-17,CABA,monopatín eléctrico precio,Alternativas,9925,1
2023-08-17,Córdoba,ypf cerca de mi,Estaciones,8786,1
2023-08-17,CABA,descuento nafta galicia,Descuentos,6832,1
2023-08-17,Santa Fe,precio nafta super ypf,Precios,5915,1
2023-08-17,Buenos Aires,axion energia ubicaciones,Estaciones,7654,1
2023-08-17,Entre Ríos,cuanto sube la nafta,Precios,5051,1
2023-08-17,Buenos Aires,ypf cerca de mi,Estaciones,7895,1
2023-08-17,Tucumán,descuentos nafta modo,Descuentos,7460,1
2023-08-17,Tucumán,cuanto gasta un auto por kilometro,Alternativas,6898,1
2023-08-17,Córdoba,axion energia ubicaciones,Estaciones,6904,1
2023-08-17,CABA,promociones cuenta dni nafta,Descuentos,5703,1
2023-08-17,CABA,estaciones de servicio mas baratas,Estaciones,4523,1
2023-08-17,Córdoba,precio litro infinia shell,Precios,4764,1
2023-08-18,Entre Ríos,precio nafta hoy argentina,Precios,7067,1
2023-08-18,Entre Ríos,descuento nafta personal pay,Descuentos,14758,1
2023-08-18,CABA,cuanto gasta un auto por kilometro,Alternativas,10995,1
2023-08-18,Córdoba,puntos serviclub canje,Descuentos,8060,1
2023-08-18,Mendoza,bbva descuento ypf,Descuentos,14737,1
2023-08-18,CABA,descuento nafta galicia,Descuentos,18706,1
2023-08-18,Tucumán,precio nafta super ypf,Precios,9644,1
2023-08-18,CABA,descuento nafta galicia,Descuentos,11301,1
2023-08-18,Córdoba,estacion de servicio con gnc cerca,Estaciones,14515,1
2023-08-18,Entre Ríos,aplicacion ypf descuentos,Descuentos,10151,1
2023-08-18,Córdoba,banco nacion descuento combustible,Descuentos,7616,1
2023-08-18,Buenos Aires,promociones cuenta dni nafta,Descuentos,18810,1
2023-08-18,Córdoba,precio nafta super ypf,Precios,14485,1
2023-08-18,Buenos Aires,aplicacion ypf descuentos,Descuentos,11512,1
2023-08-19,Buenos Aires,aumento combustible fecha,Precios,10264,1
2023-08-19,Buenos Aires,ypf cerca de mi,Estaciones,5588,1
2023-08-19,Tucumán,precio nafta super ypf,Precios,7712,1
2023-08-19,Córdoba,promociones cuenta dni nafta,Descuentos,5489,1
2023-08-19,CABA,precio litro infinia shell,Precios,5553,1
2023-08-19,Buenos Aires,ypf cerca de mi,Estaciones,6626,1
2023-08-19,Mendoza,precio litro infinia shell,Precios,8154,1
2023-08-19,Salta,precio nafta hoy argentina,Precios,3654,1
2023-08-19,CABA,cuanto cuesta llenar el tanque,Precios,9452,1
2023-08-19,CABA,aumento nafta hoy,Precios,6557,1
2023-08-19,Neuquén,descuento nafta personal pay,Descuentos,7772,1
2023-08-19,CABA,descuentos nafta modo,Descuentos,11833,1
2023-08-19,Misiones,banco nacion descuento combustible,Descuentos,4569,1
2023-08-19,Mendoza,axion energia ubicaciones,Estaciones,4652,1
2023-08-19,Buenos Aires,aumento combustible fecha,Precios,4863,1
2023-08-19,Mendoza,aumento combustible fecha,Precios,7743,1
2023-08-19,Buenos Aires,aplicacion ypf descuentos,Descuentos,7835,1
2023-08-19,Buenos Aires,bbva descuento ypf,Descuentos,5341,1
2023-08-20,Córdoba,precio litro infinia shell,Precios,4524,1
2023-08-20,Buenos Aires,convertir auto a gnc precio,Alternativas,9134,1
2023-08-20,CABA,aumento nafta hoy,Precios,6615,1
2023-08-20,Misiones,precio nafta hoy argentina,Precios,4799,1
2023-08-20,Mendoza,descuento nafta personal pay,Descuentos,7379,1
2023-08-20,Mendoza,horarios colectivo urbano,Alternativas,6221,1
2023-08-20,Neuquén,bbva descuento ypf,Descuentos,6927,1
2023-08-20,Buenos Aires,cuanto cuesta llenar el tanque,Precios,8327,1
2023-08-20,Córdoba,descuento nafta personal pay,Descuentos,4622,1
2023-08-20,Santa Fe,cuanto cuesta llenar el tanque,Precios,9152,1
2023-08-20,Mendoza,cuanto cuesta llenar el tanque,Precios,8000,1
2023-08-21,CABA,ypf cerca de mi,Estaciones,1380,0
2023-08-21,CABA,promociones cuenta dni nafta,Descuentos,2735,0
2023-08-21,Buenos Aires,ypf cerca de mi,Estaciones,1394,0
2023-08-21,Mendoza,convertir auto a gnc precio,Alternativas,1279,0
2023-08-21,Buenos Aires,precio litro infinia shell,Precios,855,0
2023-08-22,Entre Ríos,ypf cerca de mi,Estaciones,1535,0
2023-08-22,Mendoza,axion energia ubicaciones,Estaciones,806,0
2023-08-23,Santa Fe,estaciones de servicio mas baratas,Estaciones,1686,0
2023-08-23,CABA,ypf cerca de mi,Estaciones,1395,0
2023-08-23,Buenos Aires,aumento nafta hoy,Precios,1050,0
2023-08-23,CABA,bbva descuento ypf,Descuentos,958,0
2023-08-24,Salta,descuentos nafta modo,Descuentos,1652,0
2023-08-24,Mendoza,cuanto gasta un auto por kilometro,Alternativas,2079,0
2023-08-24,CABA,monopatín eléctrico precio,Alternativas,1065,0
2023-08-24,Santa Fe,cuanto cuesta llenar el tanque,Precios,867,0
2023-08-25,Córdoba,estaciones de servicio mas baratas,Estaciones,2273,0
2023-08-25,Mendoza,descuento nafta personal pay,Descuentos,2339,0
2023-08-26,Buenos Aires,estacion de servicio con gnc cerca,Estaciones,2998,0
2023-08-26,Córdoba,precio litro infinia shell,Precios,561,0
2023-08-26,Tucumán,aumento combustible fecha,Precios,954,0
2023-08-27,Entre Ríos,descuento nafta galicia,Descuentos,1428,0
2023-08-27,CABA,shell abierta ahora,Estaciones,1800,0
2023-08-27,Santa Fe,puntos serviclub canje,Descuentos,2843,0
2023-08-27,Buenos Aires,descuentos nafta modo,Descuentos,931,0
2023-08-27,Córdoba,axion energia ubicaciones,Estaciones,2572,0
2023-08-28,Santa Fe,aplicacion ypf descuentos,Descuentos,1673,0
2023-08-28,Buenos Aires,puntos serviclub canje,Descuentos,1271,0
2023-08-28,CABA,cuanto gasta un auto por kilometro,Alternativas,2636,0
2023-08-29,CABA,aumento combustible fecha,Precios,1710,0
2023-08-29,Mendoza,equipo gnc 5ta generacion precio,Alternativas,1167,0
2023-08-30,CABA,ypf cerca de mi,Estaciones,1598,0
2023-08-30,Neuquén,estacion de servicio con gnc cerca,Estaciones,828,0
2023-08-30,CABA,cuanto gasta un auto por kilometro,Alternativas,2913,0
2023-08-31,Buenos Aires,descuento nafta galicia,Descuentos,2531,0
2023-08-31,Santa Fe,aplicacion ypf descuentos,Descuentos,848,0
2023-09-01,Mendoza,aplicacion ypf descuentos,Descuentos,2143,0
2023-09-01,Córdoba,cuanto sube la nafta,Precios,2598,0
2023-09-01,Buenos Aires,cuanto gasta un auto por kilometro,Alternativas,1726,0
2023-09-01,CABA,cuanto gasta un auto por kilometro,Alternativas,1661,0
2023-09-01,CABA,convertir auto a gnc precio,Alternativas,3047,0
2023-09-02,Neuquén,puntos serviclub canje,Descuentos,598,0
2023-09-02,Buenos Aires,cuanto gasta un auto por kilometro,Alternativas,1651,0
2023-09-03,Tucumán,precio gasoil axion,Precios,1335,0
2023-09-03,Santa Fe,precio nafta super ypf,Precios,2041,0
2023-09-03,Misiones,precio nafta hoy argentina,Precios,1177,0
2023-09-03,CABA,banco nacion descuento combustible,Descuentos,1016,0
2023-09-03,Entre Ríos,equipo gnc 5ta generacion precio,Alternativas,1804,0
2023-09-04,CABA,horarios colectivo urbano,Alternativas,2985,0
2023-09-04,Buenos Aires,convertir auto a gnc precio,Alternativas,1034,0
2023-09-04,CABA,axion energia ubicaciones,Estaciones,1327,0
2023-09-04,Buenos Aires,cuanto sube la nafta,Precios,1832,0
2023-09-05,Santa Fe,cuanto cuesta llenar el tanque,Precios,1593,0
2023-09-05,Córdoba,ypf cerca de mi,Estaciones,1131,0
2023-09-05,Mendoza,cuanto cuesta llenar el tanque,Precios,1468,0
2023-09-05,Córdoba,descuentos nafta modo,Descuentos,996,0
2023-09-06,Buenos Aires,puntos serviclub canje,Descuentos,1404,0
2023-09-06,Córdoba,equipo gnc 5ta generacion precio,Alternativas,1086,0
2023-09-06,Mendoza,equipo gnc 5ta generacion precio,Alternativas,1987,0
2023-09-07,Buenos Aires,aplicacion ypf descuentos,Descuentos,2443,0
2023-09-07,Salta,equipo gnc 5ta generacion precio,Alternativas,1316,0
2023-09-07,Buenos Aires,aumento nafta hoy,Precios,3488,0
2023-09-07,Buenos Aires,aumento nafta hoy,Precios,1021,0
2023-09-07,CABA,descuentos nafta modo,Descuentos,2190,0
2023-09-08,CABA,precio gasoil axion,Precios,1184,0
2023-09-08,Mendoza,descuento nafta galicia,Descuentos,2284,0
2023-09-08,Buenos Aires,promociones cuenta dni nafta,Descuentos,2904,0
2023-09-08,Misiones,bbva descuento ypf,Descuentos,730,0
2023-09-09,CABA,aplicacion ypf descuentos,Descuentos,2776,0
2023-09-09,Córdoba,precio nafta super ypf,Precios,2554,0
2023-09-10,Buenos Aires,cuanto sube la nafta,Precios,1960,0
2023-09-10,CABA,shell abierta ahora,Estaciones,2700,0
2023-09-10,Córdoba,aumento combustible fecha,Precios,1233,0
2023-09-11,Córdoba,promociones cuenta dni nafta,Descuentos,699,0
2023-09-11,Salta,bbva descuento ypf,Descuentos,591,0
2023-09-11,Neuquén,equipo gnc 5ta generacion precio,Alternativas,1415,0
2023-09-11,Córdoba,cuanto gasta un auto por kilometro,Alternativas,1237,0
2023-09-12,Buenos Aires,puntos serviclub canje,Descuentos,3581,0
2023-09-12,Buenos Aires,estaciones de servicio mas baratas,Estaciones,1309,0
2023-09-12,CABA,estacion de servicio con gnc cerca,Estaciones,2418,0
2023-09-12,Salta,puntos serviclub canje,Descuentos,1721,0
2023-09-13,Buenos Aires,descuentos nafta modo,Descuentos,1870,0
2023-09-13,Neuquén,ypf cerca de mi,Estaciones,541,0
2023-09-13,Entre Ríos,horarios colectivo urbano,Alternativas,1442,0
2023-09-13,Córdoba,shell abierta ahora,Estaciones,2139,0
2023-09-14,Buenos Aires,estaciones de servicio mas baratas,Estaciones,2741,0
2023-09-14,Buenos Aires,cuanto gasta un auto por kilometro,Alternativas,2959,0
2023-09-14,Córdoba,cuanto cuesta llenar el tanque,Precios,2490,0
2023-09-15,Buenos Aires,ypf cerca de mi,Estaciones,1496,0
2023-09-15,Tucumán,precio nafta super ypf,Precios,1858,0
2023-09-15,Buenos Aires,aumento nafta hoy,Precios,1845,0
2023-09-16,Córdoba,descuento nafta personal pay,Descuentos,2287,0
2023-09-16,Buenos Aires,shell abierta ahora,Estaciones,2950,0
2023-09-16,Buenos Aires,shell abierta ahora,Estaciones,3290,0
2023-09-16,Buenos Aires,estacion de servicio con gnc cerca,Estaciones,2896,0
2023-09-17,Santa Fe,descuento nafta personal pay,Descuentos,1642,0
2023-09-17,Córdoba,shell abierta ahora,Estaciones,1161,0
2023-09-17,Córdoba,estacion de servicio con gnc cerca,Estaciones,1588,0
2023-09-18,Buenos Aires,precio nafta hoy argentina,Precios,2227,0
2023-09-18,Buenos Aires,precio nafta hoy argentina,Precios,728,0
2023-09-18,Mendoza,precio litro infinia shell,Precios,632,0
2023-09-18,Santa Fe,aumento nafta hoy,Precios,1551,0
2023-09-18,Mendoza,estacion de servicio con gnc cerca,Estaciones,621,0
2023-09-19,Buenos Aires,shell abierta ahora,Estaciones,2332,0
2023-09-19,CABA,precio litro infinia shell,Precios,3005,0
2023-09-20,Buenos Aires,monopatín eléctrico precio,Alternativas,1198,0
2023-09-20,CABA,precio gasoil axion,Precios,3532,0
2023-09-20,Buenos Aires,aumento combustible fecha,Precios,1602,0
2023-09-20,Córdoba,precio nafta hoy argentina,Precios,1151,0
2023-09-21,Mendoza,estaciones de servicio mas baratas,Estaciones,2254,0
2023-09-21,Córdoba,precio gasoil axion,Precios,2394,0
2023-09-21,CABA,bbva descuento ypf,Descuentos,2392,0
2023-09-22,Buenos Aires,axion energia ubicaciones,Estaciones,2630,0
2023-09-22,Buenos Aires,estacion de servicio con gnc cerca,Estaciones,2878,0
2023-09-22,Santa Fe,cuanto gasta un auto por kilometro,Alternativas,709,0
2023-09-22,Buenos Aires,monopatín eléctrico precio,Alternativas,2345,0
2023-09-23,Buenos Aires,puntos serviclub canje,Descuentos,2962,0
2023-09-23,Misiones,cuanto sube la nafta,Precios,992,0
2023-09-23,Córdoba,convertir auto a gnc precio,Alternativas,1817,0
2023-09-23,Córdoba,aplicacion ypf descuentos,Descuentos,2571,0
2023-09-24,Mendoza,precio litro infinia shell,Precios,2397,0
2023-09-24,Santa Fe,descuento nafta galicia,Descuentos,2299,0
2023-09-24,Buenos Aires,equipo gnc 5ta generacion precio,Alternativas,1142,0
2023-09-24,CABA,estaciones de servicio mas baratas,Estaciones,3037,0
2023-09-25,CABA,ypf cerca de mi,Estaciones,990,0
2023-09-25,CABA,aumento combustible fecha,Precios,3144,0
2023-09-26,CABA,ypf cerca de mi,Estaciones,2070,0
2023-09-26,Salta,puntos serviclub canje,Descuentos,1149,0
2023-09-27,Buenos Aires,ypf cerca de mi,Estaciones,731,0
2023-09-27,Buenos Aires,aumento nafta hoy,Precios,1376,0
2023-09-27,CABA,precio nafta hoy argentina,Precios,2358,0
2023-09-27,Tucumán,shell abierta ahora,Estaciones,2385,0
2023-09-28,Santa Fe,precio nafta hoy argentina,Precios,2299,0
2023-09-28,Buenos Aires,descuento nafta personal pay,Descuentos,1844,0
2023-09-28,CABA,shell abierta ahora,Estaciones,3592,0
2023-09-29,Santa Fe,descuento nafta personal pay,Descuentos,1466,0
2023-09-29,Buenos Aires,convertir auto a gnc precio,Alternativas,3371,0
2023-09-29,Mendoza,monopatín eléctrico precio,Alternativas,1569,0
2023-09-30,Buenos Aires,tarjeta sube saldo,Alternativas,867,0
2023-09-30,Buenos Aires,estaciones de servicio mas baratas,Estaciones,1111,0
2023-09-30,Córdoba,precio litro infinia shell,Precios,718,0
2023-10-01,CABA,precio litro infinia shell,Precios,3288,0
2023-10-01,Neuquén,estacion de servicio con gnc cerca,Estaciones,1175,0
2023-10-02,Neuquén,puntos serviclub canje,Descuentos,1188,0
2023-10-02,Misiones,ypf cerca de mi,Estaciones,2224,0
2023-10-02,Mendoza,estacion de servicio con gnc cerca,Estaciones,1549,0
2023-10-03,CABA,estaciones de servicio mas baratas,Estaciones,3005,0
2023-10-03,Salta,horarios colectivo urbano,Alternativas,648,0
2023-10-03,Salta,ypf cerca de mi,Estaciones,2221,0
2023-10-03,Córdoba,precio nafta super ypf,Precios,2601,0
2023-10-03,CABA,axion energia ubicaciones,Estaciones,1029,0
2023-10-04,Buenos Aires,ypf cerca de mi,Estaciones,2429,0
2023-10-04,CABA,ypf cerca de mi,Estaciones,2635,0
2023-10-04,Buenos Aires,precio gasoil axion,Precios,1275,0
2023-10-04,Córdoba,monopatín eléctrico precio,Alternativas,930,0
2023-10-05,Tucumán,descuentos nafta modo,Descuentos,1772,0
2023-10-05,Córdoba,promociones cuenta dni nafta,Descuentos,2367,0
2023-10-05,Santa Fe,axion energia ubicaciones,Estaciones,2253,0
2023-10-05,Santa Fe,promociones cuenta dni nafta,Descuentos,2479,0
2023-10-06,Salta,tarjeta sube saldo,Alternativas,1949,0
2023-10-06,Buenos Aires,cuanto cuesta llenar el tanque,Precios,693,0
2023-10-07,Mendoza,precio litro infinia shell,Precios,2122,0
2023-10-07,Tucumán,estacion de servicio con gnc cerca,Estaciones,1626,0
2023-10-07,Entre Ríos,descuentos nafta modo,Descuentos,1732,0
2023-10-08,Entre Ríos,precio gasoil axion,Precios,604,0
2023-10-08,Buenos Aires,shell abierta ahora,Estaciones,2209,0
2023-10-08,CABA,convertir auto a gnc precio,Alternativas,1286,0
2023-10-08,Mendoza,shell abierta ahora,Estaciones,742,0
2023-10-09,Salta,ypf cerca de mi,Estaciones,2302,0
2023-10-09,Tucumán,descuento nafta personal pay,Descuentos,1822,0
2023-10-09,Neuquén,cuanto cuesta llenar el tanque,Precios,1477,0
2023-10-10,Buenos Aires,descuento nafta galicia,Descuentos,1870,0
2023-10-10,Neuquén,promociones cuenta dni nafta,Descuentos,660,0
2023-10-10,Buenos Aires,estaciones de servicio mas baratas,Estaciones,3024,0
2023-10-11,Córdoba,estacion de servicio con gnc cerca,Estaciones,1967,0
2023-10-11,Buenos Aires,banco nacion descuento combustible,Descuentos,665,0
2023-10-11,Buenos Aires,descuentos nafta modo,Descuentos,2295,0
2023-10-11,Buenos Aires,estacion de servicio con gnc cerca,Estaciones,1052,0
2023-10-11,Buenos Aires,cuanto gasta un auto por kilometro,Alternativas,2598,0
2023-10-12,CABA,aumento nafta hoy,Precios,1074,0
2023-10-12,Buenos Aires,precio litro infinia shell,Precios,2818,0
2023-10-13,Córdoba,monopatín eléctrico precio,Alternativas,1094,0
2023-10-13,Santa Fe,shell abierta ahora,Estaciones,2858,0
2023-10-13,Santa Fe,aumento nafta hoy,Precios,2080,0
2023-10-13,Mendoza,equipo gnc 5ta generacion precio,Alternativas,639,0
2023-10-13,CABA,aumento nafta hoy,Precios,3279,0
2023-10-14,Neuquén,convertir auto a gnc precio,Alternativas,1592,0
2023-10-14,Salta,estaciones de servicio mas baratas,Estaciones,599,0
2023-10-14,Salta,bbva descuento ypf,Descuentos,2416,0
2023-10-15,Mendoza,puntos serviclub canje,Descuentos,1181,0
2023-10-15,Buenos Aires,promociones cuenta dni nafta,Descuentos,1558,0
2023-10-15,Tucumán,precio gasoil axion,Precios,2422,0
2023-10-16,Salta,precio gasoil axion,Precios,1952,0
2023-10-16,Córdoba,equipo gnc 5ta generacion precio,Alternativas,1070,0
2023-10-16,Tucumán,precio nafta hoy argentina,Precios,1985,0
2023-10-16,Santa Fe,aumento combustible fecha,Precios,1512,0
2023-10-17,Buenos Aires,convertir auto a gnc precio,Alternativas,915,0
2023-10-17,Buenos Aires,aumento nafta hoy,Precios,2242,0
2023-10-18,Buenos Aires,precio litro infinia shell,Precios,743,0
2023-10-18,Córdoba,estacion de servicio con gnc cerca,Estaciones,1366,0
2023-10-19,Buenos Aires,aumento nafta hoy,Precios,1524,0
2023-10-19,Mendoza,cuanto sube la nafta,Precios,2145,0
2023-10-20,CABA,shell abierta ahora,Estaciones,2493,0
2023-10-20,Santa Fe,precio gasoil axion,Precios,1533,0
2023-10-21,Buenos Aires,axion energia ubicaciones,Estaciones,2476,0
2023-10-21,Córdoba,convertir auto a gnc precio,Alternativas,2249,0
2023-10-22,Neuquén,aumento nafta hoy,Precios,1115,0
2023-10-22,Buenos Aires,axion energia ubicaciones,Estaciones,2966,0
2023-10-22,CABA,precio gasoil axion,Precios,2617,0
2023-10-22,Entre Ríos,aumento combustible fecha,Precios,780,0
2023-10-23,CABA,horarios colectivo urbano,Alternativas,1818,0
2023-10-23,Santa Fe,aplicacion ypf descuentos,Descuentos,2515,0
2023-10-23,Mendoza,estaciones de servicio mas baratas,Estaciones,728,0
2023-10-23,Mendoza,precio nafta hoy argentina,Precios,2170,0
2023-10-24,Buenos Aires,promociones cuenta dni nafta,Descuentos,1502,0
2023-10-24,Córdoba,axion energia ubicaciones,Estaciones,2194,0
2023-10-24,CABA,promociones cuenta dni nafta,Descuentos,855,0
2023-10-25,Santa Fe,estaciones de servicio mas baratas,Estaciones,1393,0
2023-10-25,Neuquén,monopatín eléctrico precio,Alternativas,605,0
2023-10-25,Santa Fe,estacion de servicio con gnc cerca,Estaciones,1362,0
2023-10-25,Buenos Aires,banco nacion descuento combustible,Descuentos,868,0
2023-10-25,CABA,monopatín eléctrico precio,Alternativas,2646,0
2023-10-26,CABA,cuanto sube la nafta,Precios,1632,0
2023-10-26,Mendoza,precio nafta hoy argentina,Precios,1575,0
2023-10-26,CABA,horarios colectivo urbano,Alternativas,2265,0
2023-10-26,Córdoba,aumento combustible fecha,Precios,2228,0
2023-10-26,Buenos Aires,shell abierta ahora,Estaciones,2581,0
2023-10-27,Entre Ríos,convertir auto a gnc precio,Alternativas,1105,0
2023-10-27,CABA,equipo gnc 5ta generacion precio,Alternativas,2777,0
2023-10-27,Buenos Aires,axion energia ubicaciones,Estaciones,2242,0
2023-10-27,Buenos Aires,shell abierta ahora,Estaciones,2917,0
2023-10-27,Tucumán,estacion de servicio con gnc cerca,Estaciones,850,0
2023-10-28,Neuquén,descuentos nafta modo,Descuentos,1715,0
2023-10-28,Santa Fe,puntos serviclub canje,Descuentos,2084,0
2023-10-28,Salta,bbva descuento ypf,Descuentos,1718,0
2023-10-29,Mendoza,estaciones de servicio mas baratas,Estaciones,1960,0
2023-10-29,Santa Fe,descuentos nafta modo,Descuentos,1505,0
2023-10-29,Tucumán,promociones cuenta dni nafta,Descuentos,878,0
2023-10-30,Córdoba,aumento nafta hoy,Precios,7941,1
2023-10-30,Santa Fe,cuanto cuesta llenar el tanque,Precios,4156,1
2023-10-30,Buenos Aires,descuento nafta galicia,Descuentos,8373,1
2023-10-30,Entre Ríos,cuanto cuesta llenar el tanque,Precios,6275,1
2023-10-30,Entre Ríos,precio gasoil axion,Precios,3530,1
2023-10-30,Córdoba,aumento combustible fecha,Precios,4127,1
2023-10-30,Buenos Aires,promociones cuenta dni nafta,Descuentos,7299,1
2023-10-30,Neuquén,bbva descuento ypf,Descuentos,7633,1
2023-10-30,Santa Fe,precio nafta super ypf,Precios,6747,1
2023-10-30,CABA,estaciones de servicio mas baratas,Estaciones,6295,1
2023-10-30,Buenos Aires,descuentos nafta modo,Descuentos,8243,1
2023-10-30,Mendoza,descuento nafta galicia,Descuentos,4728,1
2023-10-30,Buenos Aires,aumento nafta hoy,Precios,9426,1
2023-10-31,CABA,puntos serviclub canje,Descuentos,7861,1
2023-10-31,Córdoba,aumento nafta hoy,Precios,4830,1
2023-10-31,Neuquén,puntos serviclub canje,Descuentos,6362,1
2023-10-31,CABA,precio nafta hoy argentina,Precios,8650,1
2023-10-31,CABA,descuento nafta personal pay,Descuentos,10549,1
2023-10-31,Buenos Aires,puntos serviclub canje,Descuentos,11301,1
2023-10-31,Córdoba,aumento combustible fecha,Precios,7016,1
2023-10-31,Santa Fe,banco nacion descuento combustible,Descuentos,3994,1
2023-10-31,Buenos Aires,aplicacion ypf descuentos,Descuentos,7800,1
2023-10-31,CABA,axion energia ubicaciones,Estaciones,8100,1
2023-10-31,Tucumán,ypf cerca de mi,Estaciones,4596,1
2023-10-31,CABA,descuentos nafta modo,Descuentos,6426,1
2023-11-01,Córdoba,descuentos nafta modo,Descuentos,16589,1
2023-11-01,Mendoza,aumento combustible fecha,Precios,13385,1
2023-11-01,Buenos Aires,precio nafta super ypf,Precios,9117,1
2023-11-01,Córdoba,descuento nafta personal pay,Descuentos,9641,1
2023-11-01,Entre Ríos,precio nafta super ypf,Precios,12952,1
2023-11-01,CABA,precio nafta super ypf,Precios,10838,1
2023-11-01,Buenos Aires,precio gasoil axion,Precios,18803,1
2023-11-01,Buenos Aires,descuento nafta galicia,Descuentos,21003,1
2023-11-01,Buenos Aires,ypf cerca de mi,Estaciones,17764,1
2023-11-01,Neuquén,precio nafta super ypf,Precios,9513,1
2023-11-02,Entre Ríos,convertir auto a gnc precio,Alternativas,3837,1
2023-11-02,Buenos Aires,estaciones de servicio mas baratas,Estaciones,8089,1
2023-11-02,Buenos Aires,banco nacion descuento combustible,Descuentos,8872,1
2023-11-02,Buenos Aires,cuanto cuesta llenar el tanque,Precios,10757,1
2023-11-02,Córdoba,aplicacion ypf descuentos,Descuentos,4353,1
2023-11-02,Santa Fe,cuanto sube la nafta,Precios,5349,1
2023-11-02,CABA,descuento nafta personal pay,Descuentos,11254,1
2023-11-02,Buenos Aires,shell abierta ahora,Estaciones,11318,1
2023-11-02,Misiones,aplicacion ypf descuentos,Descuentos,6800,1
2023-11-02,Mendoza,precio gasoil axion,Precios,5237,1
2023-11-02,Santa Fe,equipo gnc 5ta generacion precio,Alternativas,7274,1
2023-11-02,Mendoza,aplicacion ypf descuentos,Descuentos,3794,1
2023-11-02,Buenos Aires,descuento nafta galicia,Descuentos,11831,1
2023-11-02,Buenos Aires,precio litro infinia shell,Precios,6130,1
2023-11-02,Buenos Aires,descuentos nafta modo,Descuentos,10913,1
2023-11-03,Buenos Aires,cuanto cuesta llenar el tanque,Precios,7663,1
2023-11-03,Tucumán,banco nacion descuento combustible,Descuentos,6265,1
2023-11-03,Córdoba,cuanto sube la nafta,Precios,5698,1
2023-11-03,Córdoba,precio nafta hoy argentina,Precios,6888,1
2023-11-03,Buenos Aires,shell abierta ahora,Estaciones,8726,1
2023-11-03,Buenos Aires,precio gasoil axion,Precios,7219,1
2023-11-03,Buenos Aires,puntos serviclub canje,Descuentos,5639,1
2023-11-03,Buenos Aires,equipo gnc 5ta generacion precio,Alternativas,8123,1
2023-11-03,Santa Fe,cuanto sube la nafta,Precios,8079,1
2023-11-03,CABA,puntos serviclub canje,Descuentos,6038,1
2023-11-03,Santa Fe,aumento nafta hoy,Precios,5213,1
2023-11-03,Buenos Aires,precio nafta hoy argentina,Precios,5984,1
2023-11-04,CABA,descuento nafta galicia,Descuentos,2250,0
2023-11-04,Buenos Aires,precio gasoil axion,Precios,2646,0
2023-11-04,CABA,estacion de servicio con gnc cerca,Estaciones,2349,0
2023-11-05,CABA,horarios colectivo urbano,Alternativas,2302,0
2023-11-05,CABA,descuento nafta galicia,Descuentos,2812,0
2023-11-05,Buenos Aires,estaciones de servicio mas baratas,Estaciones,2419,0
2023-11-05,Buenos Aires,precio nafta super ypf,Precios,2954,0
2023-11-06,CABA,aumento combustible fecha,Precios,2485,0
2023-11-06,CABA,estacion de servicio con gnc cerca,Estaciones,998,0
2023-11-07,Buenos Aires,precio gasoil axion,Precios,1926,0
2023-11-07,Misiones,tarjeta sube saldo,Alternativas,1215,0
2023-11-07,Misiones,aumento combustible fecha,Precios,1744,0
2023-11-08,CABA,tarjeta sube saldo,Alternativas,2554,0
2023-11-08,Córdoba,axion energia ubicaciones,Estaciones,2447,0
2023-11-08,Tucumán,aumento combustible fecha,Precios,1248,0
2023-11-08,Córdoba,horarios colectivo urbano,Alternativas,1040,0
2023-11-09,Buenos Aires,aumento combustible fecha,Precios,2563,0
2023-11-09,CABA,ypf cerca de mi,Estaciones,2437,0
2023-11-09,Misiones,shell abierta ahora,Estaciones,1263,0
2023-11-09,Santa Fe,ypf cerca de mi,Estaciones,1831,0
2023-11-09,Santa Fe,cuanto cuesta llenar el tanque,Precios,1094,0
2023-11-10,CABA,puntos serviclub canje,Descuentos,2809,0
2023-11-10,Tucumán,descuento nafta galicia,Descuentos,2401,0
2023-11-10,Santa Fe,descuentos nafta modo,Descuentos,2757,0
2023-11-10,Mendoza,axion energia ubicaciones,Estaciones,1720,0
2023-11-10,Buenos Aires,estaciones de servicio mas baratas,Estaciones,2967,0
2023-11-11,CABA,descuentos nafta modo,Descuentos,1123,0
2023-11-11,Santa Fe,convertir auto a gnc precio,Alternativas,808,0
2023-11-12,Córdoba,ypf cerca de mi,Estaciones,2574,0
2023-11-12,Buenos Aires,aumento nafta hoy,Precios,2283,0
2023-11-12,Buenos Aires,shell abierta ahora,Estaciones,1794,0
2023-11-13,Salta,puntos serviclub canje,Descuentos,2260,0
2023-11-13,Buenos Aires,equipo gnc 5ta generacion precio,Alternativas,1853,0
2023-11-13,Córdoba,tarjeta sube saldo,Alternativas,870,0
2023-11-13,Neuquén,descuento nafta galicia,Descuentos,1815,0
2023-11-13,Tucumán,tarjeta sube saldo,Alternativas,640,0
2023-11-14,CABA,shell abierta ahora,Estaciones,2720,0
2023-11-14,Córdoba,equipo gnc 5ta generacion precio,Alternativas,913,0
2023-11-14,Neuquén,horarios colectivo urbano,Alternativas,1164,0
2023-11-14,Buenos Aires,axion energia ubicaciones,Estaciones,898,0
2023-11-15,Córdoba,estaciones de servicio mas baratas,Estaciones,1987,0
2023-11-15,CABA,shell abierta ahora,Estaciones,798,0
2023-11-15,Buenos Aires,estaciones de servicio mas baratas,Estaciones,2244,0
2023-11-16,Buenos Aires,banco nacion descuento combustible,Descuentos,2771,0
2023-11-16,CABA,cuanto gasta un auto por kilometro,Alternativas,1883,0
2023-11-16,Mendoza,estaciones de servicio mas baratas,Estaciones,1731,0
2023-11-17,Córdoba,precio gasoil axion,Precios,1805,0
2023-11-17,Mendoza,aumento nafta hoy,Precios,1855,0
2023-11-17,Buenos Aires,precio nafta hoy argentina,Precios,3607,0
2023-11-17,Mendoza,ypf cerca de mi,Estaciones,735,0
2023-11-18,Buenos Aires,puntos serviclub canje,Descuentos,838,0
2023-11-18,Mendoza,descuentos nafta modo,Descuentos,595,0
2023-11-18,CABA,precio nafta hoy argentina,Precios,1307,0
2023-11-18,Córdoba,horarios colectivo urbano,Alternativas,2708,0
2023-11-19,Entre Ríos,monopatín eléctrico precio,Alternativas,1569,0
2023-11-19,Santa Fe,descuento nafta personal pay,Descuentos,1237,0
2023-11-20,Córdoba,convertir auto a gnc precio,Alternativas,2455,0
2023-11-20,Córdoba,precio litro infinia shell,Precios,616,0
2023-11-21,Neuquén,precio nafta super ypf,Precios,1200,0
2023-11-21,CABA,precio litro infinia shell,Precios,2093,0
2023-11-21,Santa Fe,tarjeta sube saldo,Alternativas,2777,0
2023-11-21,Buenos Aires,shell abierta ahora,Estaciones,3482,0
2023-11-22,Mendoza,cuanto cuesta llenar el tanque,Precios,1369,0
2023-11-22,Mendoza,ypf cerca de mi,Estaciones,1495,0
2023-11-22,Córdoba,precio gasoil axion,Precios,720,0
2023-11-22,Córdoba,aplicacion ypf descuentos,Descuentos,1846,0
2023-11-22,Buenos Aires,promociones cuenta dni nafta,Descuentos,1566,0
2023-11-23,Buenos Aires,cuanto sube la nafta,Precios,9471,1
2023-11-23,Buenos Aires,cuanto sube la nafta,Precios,5564,1
2023-11-23,CABA,precio litro infinia shell,Precios,7753,1
2023-11-23,Buenos Aires,aplicacion ypf descuentos,Descuentos,8455,1
2023-11-23,Tucumán,descuentos nafta modo,Descuentos,6200,1
2023-11-23,Salta,descuento nafta galicia,Descuentos,7939,1
2023-11-23,Mendoza,shell abierta ahora,Estaciones,7242,1
2023-11-23,Salta,descuento nafta galicia,Descuentos,4882,1
2023-11-23,Misiones,precio nafta hoy argentina,Precios,5743,1
2023-11-23,Buenos Aires,puntos serviclub canje,Descuentos,6034,1
2023-11-23,Misiones,cuanto cuesta llenar el tanque,Precios,7185,1
2023-11-23,CABA,estaciones de servicio mas baratas,Estaciones,8742,1
2023-11-23,CABA,precio nafta super ypf,Precios,6008,1
2023-11-23,CABA,precio litro infinia shell,Precios,7377,1
2023-11-24,Córdoba,precio gasoil axion,Precios,7177,1
2023-11-24,Santa Fe,banco nacion descuento combustible,Descuentos,6980,1
2023-11-24,Mendoza,cuanto sube la nafta,Precios,7935,1
2023-11-24,Buenos Aires,precio nafta super ypf,Precios,5629,1
2023-11-24,Buenos Aires,bbva descuento ypf,Descuentos,11598,1
2023-11-24,Córdoba,precio gasoil axion,Precios,7755,1
2023-11-24,Tucumán,precio gasoil axion,Precios,7586,1
2023-11-24,CABA,descuento nafta personal pay,Descuentos,6984,1
2023-11-25,Santa Fe,monopatín eléctrico precio,Alternativas,14118,1
2023-11-25,CABA,horarios colectivo urbano,Alternativas,18815,1
2023-11-25,Buenos Aires,banco nacion descuento combustible,Descuentos,16437,1
2023-11-25,Buenos Aires,cuanto cuesta llenar el tanque,Precios,18415,1
2023-11-25,Salta,puntos serviclub canje,Descuentos,10798,1
2023-11-25,Buenos Aires,cuanto sube la nafta,Precios,12351,1
2023-11-25,Córdoba,descuento nafta personal pay,Descuentos,12244,1
2023-11-25,Córdoba,cuanto cuesta llenar el tanque,Precios,12166,1
2023-11-25,Neuquén,precio nafta hoy argentina,Precios,7209,1
2023-11-25,Córdoba,precio nafta super ypf,Precios,16755,1
2023-11-25,Buenos Aires,precio litro infinia shell,Precios,10460,1
2023-11-26,CABA,promociones cuenta dni nafta,Descuentos,9777,1
2023-11-26,Buenos Aires,shell abierta ahora,Estaciones,9592,1
2023-11-26,CABA,estaciones de servicio mas baratas,Estaciones,9970,1
2023-11-26,Buenos Aires,descuento nafta galicia,Descuentos,10011,1
2023-11-26,Santa Fe,cuanto cuesta llenar el tanque,Precios,6793,1
2023-11-26,Buenos Aires,bbva descuento ypf,Descuentos,11654,1
2023-11-26,Buenos Aires,ypf cerca de mi,Estaciones,9965,1
2023-11-26,CABA,aumento nafta hoy,Precios,5823,1
2023-11-26,CABA,cuanto cuesta llenar el tanque,Precios,6293,1
2023-11-26,CABA,aumento nafta hoy,Precios,10419,1
2023-11-26,Buenos Aires,equipo gnc 5ta generacion precio,Alternativas,9565,1
2023-11-26,Buenos Aires,descuento nafta personal pay,Descuentos,8516,1
2023-11-26,Tucumán,puntos serviclub canje,Descuentos,7288,1
2023-11-27,Salta,precio gasoil axion,Precios,5273,1
2023-11-27,Salta,aplicacion ypf descuentos,Descuentos,5334,1
2023-11-27,Córdoba,banco nacion descuento combustible,Descuentos,6189,1
2023-11-27,Buenos Aires,promociones cuenta dni nafta,Descuentos,11661,1
2023-11-27,Tucumán,puntos serviclub canje,Descuentos,6942,1
2023-11-27,CABA,promociones cuenta dni nafta,Descuentos,8653,1
2023-11-27,Buenos Aires,cuanto cuesta llenar el tanque,Precios,9205,1
2023-11-27,Salta,descuento nafta personal pay,Descuentos,5415,1
2023-11-27,Neuquén,precio nafta super ypf,Precios,5547,1
2023-11-27,Santa Fe,shell abierta ahora,Estaciones,7297,1
2023-11-27,Buenos Aires,precio nafta hoy argentina,Precios,7738,1
2023-11-27,Mendoza,cuanto cuesta llenar el tanque,Precios,5537,1
2023-11-27,CABA,promociones cuenta dni nafta,Descuentos,7496,1
2023-11-27,Buenos Aires,monopatín eléctrico precio,Alternativas,5001,1
2023-11-27,Buenos Aires,equipo gnc 5ta generacion precio,Alternativas,10447,1
2023-11-28,Buenos Aires,tarjeta sube saldo,Alternativas,2126,0
2023-11-28,Buenos Aires,estaciones de servicio mas baratas,Estaciones,3069,0
2023-11-29,Santa Fe,precio nafta hoy argentina,Precios,1076,0
2023-11-29,Buenos Aires,estacion de servicio con gnc cerca,Estaciones,2259,0
2023-11-29,Buenos Aires,convertir auto a gnc precio,Alternativas,681,0
2023-11-30,Buenos Aires,precio nafta hoy argentina,Precios,2146,0
2023-11-30,Neuquén,equipo gnc 5ta generacion precio,Alternativas,1256,0
2023-12-01,Buenos Aires,bbva descuento ypf,Descuentos,2236,0
2023-12-01,Buenos Aires,shell abierta ahora,Estaciones,751,0
2023-12-01,Buenos Aires,promociones cuenta dni nafta,Descuentos,2022,0
2023-12-01,CABA,estacion de servicio con gnc cerca,Estaciones,974,0
2023-12-02,Mendoza,monopatín eléctrico precio,Alternativas,2467,0
2023-12-02,Córdoba,promociones cuenta dni nafta,Descuentos,2272,0
2023-12-02,Buenos Aires,estaciones de servicio mas baratas,Estaciones,1546,0
2023-12-03,Buenos Aires,precio litro infinia shell,Precios,1934,0
2023-12-03,Santa Fe,bbva descuento ypf,Descuentos,720,0
2023-12-03,Tucumán,cuanto gasta un auto por kilometro,Alternativas,1216,0
2023-12-03,CABA,monopatín eléctrico precio,Alternativas,2410,0
2023-12-03,Mendoza,bbva descuento ypf,Descuentos,2420,0
2023-12-04,Córdoba,horarios colectivo urbano,Alternativas,887,0
2023-12-04,Tucumán,tarjeta sube saldo,Alternativas,1361,0
2023-12-04,Mendoza,precio gasoil axion,Precios,2229,0
2023-12-04,Córdoba,precio nafta super ypf,Precios,2412,0
2023-12-04,Salta,descuento nafta personal pay,Descuentos,1019,0
2023-12-05,Neuquén,precio nafta hoy argentina,Precios,1689,0
2023-12-05,Córdoba,aumento nafta hoy,Precios,2885,0
2023-12-05,Buenos Aires,precio litro infinia shell,Precios,3606,0
2023-12-06,Tucumán,cuanto sube la nafta,Precios,5992,1
2023-12-06,CABA,estaciones de servicio mas baratas,Estaciones,8351,1
2023-12-06,Buenos Aires,cuanto cuesta llenar el tanque,Precios,9679,1
2023-12-06,Neuquén,promociones cuenta dni nafta,Descuentos,8163,1
2023-12-06,Neuquén,tarjeta sube saldo,Alternativas,4180,1
2023-12-06,Buenos Aires,descuentos nafta modo,Descuentos,7181,1
2023-12-06,Entre Ríos,bbva descuento ypf,Descuentos,6346,1
2023-12-06,Santa Fe,aumento combustible fecha,Precios,9154,1
2023-12-06,Buenos Aires,aumento combustible fecha,Precios,8132,1
2023-12-06,Buenos Aires,aumento nafta hoy,Precios,7849,1
2023-12-07,Neuquén,precio nafta super ypf,Precios,6011,1
2023-12-07,CABA,descuentos nafta modo,Descuentos,6458,1
2023-12-07,Salta,ypf cerca de mi,Estaciones,7781,1
2023-12-07,CABA,precio nafta hoy argentina,Precios,4727,1
2023-12-07,Buenos Aires,aplicacion ypf descuentos,Descuentos,5785,1
2023-12-07,Buenos Aires,shell abierta ahora,Estaciones,8160,1
2023-12-07,CABA,horarios colectivo urbano,Alternativas,6068,1
2023-12-07,Buenos Aires,aumento combustible fecha,Precios,9839,1
2023-12-07,Buenos Aires,shell abierta ahora,Estaciones,8381,1
2023-12-07,Salta,bbva descuento ypf,Descuentos,6644,1
2023-12-07,CABA,aumento combustible fecha,Precios,6223,1
2023-12-07,Santa Fe,promociones cuenta dni nafta,Descuentos,6919,1
2023-12-07,CABA,aumento nafta hoy,Precios,4922,1
2023-12-07,Mendoza,precio nafta super ypf,Precios,7308,1
2023-12-07,Córdoba,precio nafta hoy argentina,Precios,6241,1
2023-12-07,Salta,precio gasoil axion,Precios,8358,1
2023-12-07,Misiones,descuentos nafta modo,Descuentos,3542,1
2023-12-07,CABA,aumento nafta hoy,Precios,10713,1
2023-12-08,Santa Fe,aplicacion ypf descuentos,Descuentos,7257,1
2023-12-08,CABA,tarjeta sube saldo,Alternativas,15088,1
2023-12-08,Santa Fe,axion energia ubicaciones,Estaciones,9612,1
2023-12-08,Buenos Aires,aumento combustible fecha,Precios,9189,1
2023-12-08,Córdoba,precio nafta hoy argentina,Precios,9004,1
2023-12-08,Mendoza,precio litro infinia shell,Precios,14853,1
2023-12-08,Córdoba,monopatín eléctrico precio,Alternativas,13117,1
2023-12-08,Salta,aumento combustible fecha,Precios,6271,1
2023-12-08,CABA,axion energia ubicaciones,Estaciones,15527,1
2023-12-08,Santa Fe,aumento nafta hoy,Precios,17177,1
2023-12-08,CABA,aplicacion ypf descuentos,Descuentos,14348,1
2023-12-08,CABA,puntos serviclub canje,Descuentos,14098,1
2023-12-08,Buenos Aires,aumento nafta hoy,Precios,15331,1
2023-12-08,Córdoba,aplicacion ypf descuentos,Descuentos,14345,1
2023-12-08,Buenos Aires,estaciones de servicio mas baratas,Estaciones,13681,1
2023-12-08,CABA,axion energia ubicaciones,Estaciones,15581,1
2023-12-08,Buenos Aires,descuento nafta personal pay,Descuentos,12623,1
2023-12-08,Buenos Aires,estacion de servicio con gnc cerca,Estaciones,14246,1
2023-12-09,Salta,estacion de servicio con gnc cerca,Estaciones,7824,1
2023-12-09,Salta,cuanto sube la nafta,Precios,7721,1
2023-12-09,Neuquén,cuanto cuesta llenar el tanque,Precios,6175,1
2023-12-09,Mendoza,descuentos nafta modo,Descuentos,7876,1
2023-12-09,CABA,estaciones de servicio mas baratas,Estaciones,4904,1
2023-12-09,CABA,precio nafta super ypf,Precios,6254,1
2023-12-09,Salta,ypf cerca de mi,Estaciones,6490,1
2023-12-09,Santa Fe,puntos serviclub canje,Descuentos,7017,1
2023-12-09,CABA,cuanto cuesta llenar el tanque,Precios,4811,1
2023-12-09,Buenos Aires,cuanto gasta un auto por kilometro,Alternativas,11471,1
2023-12-09,Buenos Aires,convertir auto a gnc precio,Alternativas,8376,1
2023-12-09,CABA,descuento nafta galicia,Descuentos,5757,1
2023-12-09,Santa Fe,aumento combustible fecha,Precios,3944,1
2023-12-09,CABA,aumento nafta hoy,Precios,12081,1
2023-12-09,Santa Fe,aumento nafta hoy,Precios,6175,1
2023-12-09,Santa Fe,precio gasoil axion,Precios,7104,1
2023-12-09,Misiones,monopatín eléctrico precio,Alternativas,4799,1
2023-12-09,CABA,descuentos nafta modo,Descuentos,10535,1
2023-12-09,Mendoza,cuanto cuesta llenar el tanque,Precios,7894,1
2023-12-10,Córdoba,estacion de servicio con gnc cerca,Estaciones,5343,1
2023-12-10,Santa Fe,descuento nafta galicia,Descuentos,3696,1
2023-12-10,Córdoba,ypf cerca de mi,Estaciones,5471,1
2023-12-10,Buenos Aires,promociones cuenta dni nafta,Descuentos,9155,1
2023-12-10,Neuquén,banco nacion descuento combustible,Descuentos,4757,1
2023-12-10,Neuquén,precio nafta hoy argentina,Precios,4404,1
2023-12-10,Buenos Aires,convertir auto a gnc precio,Alternativas,9075,1
2023-12-10,Buenos Aires,horarios colectivo urbano,Alternativas,10945,1
2023-12-10,Córdoba,aumento combustible fecha,Precios,9548,1
2023-12-10,Salta,precio gasoil axion,Precios,3606,1
2023-12-10,CABA,descuentos nafta modo,Descuentos,11441,1
2023-12-10,CABA,descuento nafta galicia,Descuentos,10625,1
2023-12-11,Santa Fe,precio gasoil axion,Precios,8921,1
2023-12-11,Neuquén,shell abierta ahora,Estaciones,4286,1
2023-12-11,Tucumán,aumento combustible fecha,Precios,7256,1
2023-12-11,Misiones,descuento nafta personal pay,Descuentos,4424,1
2023-12-11,Buenos Aires,cuanto sube la nafta,Precios,11047,1
2023-12-11,Buenos Aires,tarjeta sube saldo,Alternativas,8994,1
2023-12-11,Córdoba,descuentos nafta modo,Descuentos,6007,1
2023-12-11,Tucumán,estacion de servicio con gnc cerca,Estaciones,8404,1
2023-12-11,Buenos Aires,banco nacion descuento combustible,Descuentos,11352,1
2023-12-11,Salta,precio nafta super ypf,Precios,6740,1
2023-12-11,Buenos Aires,descuento nafta galicia,Descuentos,7571,1
2023-12-11,Mendoza,descuentos nafta modo,Descuentos,3795,1
2023-12-11,Salta,aplicacion ypf descuentos,Descuentos,7798,1
2023-12-11,Buenos Aires,precio nafta hoy argentina,Precios,6121,1
2023-12-11,Misiones,aumento nafta hoy,Precios,3864,1
2023-12-11,Entre Ríos,cuanto sube la nafta,Precios,4569,1
2023-12-11,CABA,descuentos nafta modo,Descuentos,8722,1
2023-12-11,Córdoba,aumento nafta hoy,Precios,7550,1
2023-12-12,Mendoza,monopatín eléctrico precio,Alternativas,4125,1
2023-12-12,Santa Fe,shell abierta ahora,Estaciones,7202,1
2023-12-12,Buenos Aires,precio nafta super ypf,Precios,7945,1
2023-12-12,CABA,descuento nafta personal pay,Descuentos,9223,1
2023-12-12,Neuquén,aplicacion ypf descuentos,Descuentos,7665,1
2023-12-12,Tucumán,precio gasoil axion,Precios,4067,1
2023-12-12,Mendoza,cuanto cuesta llenar el tanque,Precios,4381,1
2023-12-12,CABA,precio litro infinia shell,Precios,9803,1
2023-12-12,Buenos Aires,precio litro infinia shell,Precios,4958,1
2023-12-12,Santa Fe,cuanto sube la nafta,Precios,4501,1
2023-12-12,Santa Fe,cuanto sube la nafta,Precios,5461,1
2023-12-12,Tucumán,estaciones de servicio mas baratas,Estaciones,7651,1
2023-12-12,Tucumán,puntos serviclub canje,Descuentos,8497,1
2023-12-12,Buenos Aires,puntos serviclub canje,Descuentos,5957,1
2023-12-12,Buenos Aires,bbva descuento ypf,Descuentos,11174,1
2023-12-12,Buenos Aires,aumento nafta hoy,Precios,10305,1
2023-12-12,Buenos Aires,cuanto cuesta llenar el tanque,Precios,5413,1
2023-12-13,Córdoba,precio nafta hoy argentina,Precios,9341,1
2023-12-13,Misiones,precio gasoil axion,Precios,10183,1
2023-12-13,Entre Ríos,precio nafta super ypf,Precios,9644,1
2023-12-13,Buenos Aires,ypf cerca de mi,Estaciones,11525,1
2023-12-13,Buenos Aires,puntos serviclub canje,Descuentos,16450,1
2023-12-13,Entre Ríos,banco nacion descuento combustible,Descuentos,13939,1
2023-12-13,Buenos Aires,descuento nafta galicia,Descuentos,10237,1
2023-12-13,CABA,cuanto cuesta llenar el tanque,Precios,10071,1
2023-12-13,Santa Fe,cuanto gasta un auto por kilometro,Alternativas,15075,1
2023-12-13,Córdoba,aumento nafta hoy,Precios,12259,1
2023-12-13,Entre Ríos,precio litro infinia shell,Precios,6667,1
2023-12-13,CABA,bbva descuento ypf,Descuentos,19986,1
2023-12-13,Buenos Aires,shell abierta ahora,Estaciones,9524,1
2023-12-13,Buenos Aires,cuanto sube la nafta,Precios,10036,1
2023-12-13,Buenos Aires,cuanto sube la nafta,Precios,10253,1
2023-12-13,Santa Fe,banco nacion descuento combustible,Descuentos,13982,1
2023-12-13,Córdoba,descuento nafta galicia,Descuentos,11638,1
2023-12-14,Buenos Aires,aumento combustible fecha,Precios,9527,1
2023-12-14,Córdoba,bbva descuento ypf,Descuentos,7168,1
2023-12-14,Buenos Aires,cuanto cuesta llenar el tanque,Precios,9533,1
2023-12-14,Santa Fe,precio gasoil axion,Precios,4986,1
2023-12-14,Córdoba,puntos serviclub canje,Descuentos,6850,1
2023-12-14,Buenos Aires,cuanto sube la nafta,Precios,8832,1
2023-12-14,CABA,aplicacion ypf descuentos,Descuentos,9696,1
2023-12-14,Buenos Aires,aumento combustible fecha,Precios,7704,1
2023-12-14,Buenos Aires,descuento nafta personal pay,Descuentos,6249,1
2023-12-14,Córdoba,promociones cuenta dni nafta,Descuentos,5100,1
2023-12-14,Buenos Aires,bbva descuento ypf,Descuentos,7241,1
2023-12-14,Buenos Aires,axion energia ubicaciones,Estaciones,7007,1
2023-12-14,Buenos Aires,ypf cerca de mi,Estaciones,10658,1
2023-12-14,Mendoza,horarios colectivo urbano,Alternativas,4994,1
2023-12-14,Córdoba,cuanto sube la nafta,Precios,5822,1
2023-12-14,CABA,aumento combustible fecha,Precios,9993,1
2023-12-14,Misiones,descuentos nafta modo,Descuentos,5279,1
2023-12-14,Buenos Aires,precio nafta super ypf,Precios,8302,1
2023-12-15,Buenos Aires,estaciones de servicio mas baratas,Estaciones,11579,1
2023-12-15,Tucumán,estaciones de servicio mas baratas,Estaciones,7244,1
2023-12-15,Tucumán,aumento combustible fecha,Precios,4364,1
2023-12-15,CABA,promociones cuenta dni nafta,Descuentos,6014,1
2023-12-15,Buenos Aires,precio nafta super ypf,Precios,8549,1
2023-12-15,Santa Fe,precio litro infinia shell,Precios,4196,1
2023-12-15,Neuquén,axion energia ubicaciones,Estaciones,5224,1
2023-12-15,Buenos Aires,aumento combustible fecha,Precios,5774,1
2023-12-15,Salta,equipo gnc 5ta generacion precio,Alternativas,7727,1
2023-12-15,Tucumán,cuanto sube la nafta,Precios,5005,1
2023-12-15,Buenos Aires,descuento nafta galicia,Descuentos,6928,1
2023-12-15,Tucumán,tarjeta sube saldo,Alternativas,6633,1
2023-12-15,CABA,descuentos nafta modo,Descuentos,7773,1
2023-12-15,CABA,aplicacion ypf descuentos,Descuentos,5712,1
2023-12-15,CABA,descuentos nafta modo,Descuentos,11634,1
2023-12-15,CABA,cuanto sube la nafta,Precios,11634,1
2023-12-16,Buenos Aires,aumento combustible fecha,Precios,1897,0
2023-12-16,Buenos Aires,horarios colectivo urbano,Alternativas,3012,0
2023-12-16,Mendoza,convertir auto a gnc precio,Alternativas,1391,0
2023-12-16,Buenos Aires,equipo gnc 5ta generacion precio,Alternativas,1091,0
2023-12-16,Córdoba,estaciones de servicio mas baratas,Estaciones,1296,0
2023-12-17,Buenos Aires,ypf cerca de mi,Estaciones,2411,0
2023-12-17,Santa Fe,descuento nafta galicia,Descuentos,2668,0
2023-12-18,Neuquén,precio gasoil axion,Precios,1199,0
2023-12-18,Buenos Aires,descuento nafta personal pay,Descuentos,2124,0
2023-12-18,Mendoza,precio gasoil axion,Precios,1079,0
2023-12-18,Córdoba,shell abierta ahora,Estaciones,2246,0
2023-12-19,CABA,precio nafta super ypf,Precios,3153,0
2023-12-19,Santa Fe,promociones cuenta dni nafta,Descuentos,2385,0
2023-12-19,Buenos Aires,precio nafta hoy argentina,Precios,1440,0
2023-12-19,Salta,cuanto cuesta llenar el tanque,Precios,1961,0
2023-12-20,CABA,precio litro infinia shell,Precios,2386,0
2023-12-20,Buenos Aires,convertir auto a gnc precio,Alternativas,1454,0
2023-12-21,Tucumán,monopatín eléctrico precio,Alternativas,1948,0
2023-12-21,Buenos Aires,descuento nafta galicia,Descuentos,2780,0
2023-12-22,CABA,cuanto sube la nafta,Precios,781,0
2023-12-22,Neuquén,cuanto gasta un auto por kilometro,Alternativas,2363,0
2023-12-22,Santa Fe,cuanto cuesta llenar el tanque,Precios,2419,0
2023-12-23,Santa Fe,convertir auto a gnc precio,Alternativas,1441,0
2023-12-23,Mendoza,descuentos nafta modo,Descuentos,1579,0
2023-12-23,CABA,monopatín eléctrico precio,Alternativas,1618,0
2023-12-24,Buenos Aires,cuanto cuesta llenar el tanque,Precios,3067,0
2023-12-24,Misiones,precio nafta hoy argentina,Precios,2163,0
2023-12-24,Buenos Aires,convertir auto a gnc precio,Alternativas,2780,0
2023-12-25,CABA,ypf cerca de mi,Estaciones,1842,0
2023-12-25,Córdoba,convertir auto a gnc precio,Alternativas,2063,0
2023-12-26,Santa Fe,aplicacion ypf descuentos,Descuentos,758,0
2023-12-26,Santa Fe,convertir auto a gnc precio,Alternativas,1115,0
2023-12-27,Buenos Aires,ypf cerca de mi,Estaciones,1868,0
2023-12-27,Mendoza,precio nafta hoy argentina,Precios,1121,0
2023-12-28,Córdoba,ypf cerca de mi,Estaciones,2351,0
2023-12-28,Entre Ríos,precio nafta hoy argentina,Precios,2011,0
2023-12-28,Neuquén,shell abierta ahora,Estaciones,1538,0
2023-12-28,CABA,precio nafta hoy argentina,Precios,1921,0
2023-12-28,CABA,descuentos nafta modo,Descuentos,2365,0
2023-12-29,Buenos Aires,horarios colectivo urbano,Alternativas,794,0
2023-12-29,CABA,equipo gnc 5ta generacion precio,Alternativas,1257,0
2023-12-30,Buenos Aires,precio nafta hoy argentina,Precios,1804,0
2023-12-30,Mendoza,banco nacion descuento combustible,Descuentos,1399,0
2023-12-31,Córdoba,cuanto gasta un auto por kilometro,Alternativas,1717,0
2023-12-31,Buenos Aires,puntos serviclub canje,Descuentos,3546,0
2023-12-31,Buenos Aires,cuanto gasta un auto por kilometro,Alternativas,3326,0
2024-01-01,CABA,aumento combustible fecha,Precios,10959,1
2024-01-01,Buenos Aires,cuanto cuesta llenar el tanque,Precios,9277,1
2024-01-01,Córdoba,descuento nafta personal pay,Descuentos,5415,1
2024-01-01,Buenos Aires,bbva descuento ypf,Descuentos,10349,1
2024-01-01,Santa Fe,aumento combustible fecha,Precios,7244,1
2024-01-01,Tucumán,tarjeta sube saldo,Alternativas,5460,1
2024-01-01,CABA,cuanto sube la nafta,Precios,6027,1
2024-01-01,Buenos Aires,descuentos nafta modo,Descuentos,6343,1
2024-01-01,Buenos Aires,banco nacion descuento combustible,Descuentos,8628,1
2024-01-02,Córdoba,aumento combustible fecha,Precios,6695,1
2024-01-02,Neuquén,estaciones de servicio mas baratas,Estaciones,3933,1
2024-01-02,Buenos Aires,precio nafta super ypf,Precios,7508,1
2024-01-02,Córdoba,descuentos nafta modo,Descuentos,4574,1
2024-01-02,CABA,cuanto cuesta llenar el tanque,Precios,5671,1
2024-01-02,CABA,precio nafta super ypf,Precios,7501,1
2024-01-02,Entre Ríos,aplicacion ypf descuentos,Descuentos,3801,1
2024-01-02,Neuquén,precio nafta super ypf,Precios,4904,1
2024-01-02,Buenos Aires,cuanto cuesta llenar el tanque,Precios,10536,1
2024-01-02,Buenos Aires,convertir auto a gnc precio,Alternativas,8710,1
2024-01-02,Buenos Aires,axion energia ubicaciones,Estaciones,9802,1
2024-01-02,CABA,precio nafta hoy argentina,Precios,6859,1
2024-01-02,Córdoba,ypf cerca de mi,Estaciones,7524,1
2024-01-03,Buenos Aires,aumento combustible fecha,Precios,10859,1
2024-01-03,Santa Fe,aplicacion ypf descuentos,Descuentos,9543,1
2024-01-03,Córdoba,banco nacion descuento combustible,Descuentos,15704,1
2024-01-03,Neuquén,aumento nafta hoy,Precios,14216,1
2024-01-03,CABA,precio nafta hoy argentina,Precios,9766,1
2024-01-03,Santa Fe,precio gasoil axion,Precios,12605,1
2024-01-03,CABA,cuanto sube la nafta,Precios,14495,1
2024-01-03,Córdoba,ypf cerca de mi,Estaciones,7556,1
2024-01-03,Buenos Aires,descuento nafta galicia,Descuentos,11767,1
2024-01-03,CABA,aumento combustible fecha,Precios,8865,1
2024-01-04,Buenos Aires,banco nacion descuento combustible,Descuentos,6312,1
2024-01-04,Buenos Aires,precio nafta hoy argentina,Precios,5014,1
2024-01-04,Mendoza,puntos serviclub canje,Descuentos,5915,1
2024-01-04,CABA,descuento nafta personal pay,Descuentos,7843,1
2024-01-04,CABA,descuento nafta personal pay,Descuentos,9947,1
2024-01-04,Tucumán,cuanto cuesta llenar el tanque,Precios,8475,1
2024-01-04,Córdoba,shell abierta ahora,Estaciones,8479,1
2024-01-04,Santa Fe,descuento nafta galicia,Descuentos,7046,1
2024-01-04,Buenos Aires,ypf cerca de mi,Estaciones,5459,1
2024-01-04,Mendoza,descuentos nafta modo,Descuentos,3742,1
2024-01-04,CABA,precio nafta hoy argentina,Precios,5481,1
2024-01-04,Santa Fe,descuento nafta galicia,Descuentos,6011,1
2024-01-04,Córdoba,promociones cuenta dni nafta,Descuentos,4214,1
2024-01-04,Buenos Aires,precio nafta hoy argentina,Precios,9703,1
2024-01-04,CABA,cuanto cuesta llenar el tanque,Precios,7622,1
2024-01-04,Santa Fe,aumento nafta hoy,Precios,5590,1
2024-01-04,CABA,precio nafta hoy argentina,Precios,10080,1
2024-01-05,Salta,aumento combustible fecha,Precios,7265,1
2024-01-05,Neuquén,precio nafta super ypf,Precios,4963,1
2024-01-05,Buenos Aires,banco nacion descuento combustible,Descuentos,6323,1
2024-01-05,Entre Ríos,precio nafta hoy argentina,Precios,7962,1
2024-01-05,Buenos Aires,ypf cerca de mi,Estaciones,11146,1
2024-01-05,Buenos Aires,precio nafta hoy argentina,Precios,6359,1
2024-01-05,Salta,precio nafta hoy argentina,Precios,7560,1
2024-01-05,Santa Fe,aplicacion ypf descuentos,Descuentos,5431,1
2024-01-05,Buenos Aires,cuanto cuesta llenar el tanque,Precios,6293,1
2024-01-05,Buenos Aires,cuanto gasta un auto por kilometro,Alternativas,5388,1
2024-01-05,Santa Fe,cuanto sube la nafta,Precios,5112,1
2024-01-05,Buenos Aires,precio litro infinia shell,Precios,8347,1
2024-01-05,CABA,bbva descuento ypf,Descuentos,6448,1
2024-01-06,Neuquén,ypf cerca de mi,Estaciones,2460,0
2024-01-06,Entre Ríos,shell abierta ahora,Estaciones,1719,0
2024-01-06,Buenos Aires,estaciones de servicio mas baratas,Estaciones,1509,0
2024-01-07,Buenos Aires,convertir auto a gnc precio,Alternativas,1018,0
2024-01-07,Mendoza,puntos serviclub canje,Descuentos,2322,0
2024-01-07,Buenos Aires,equipo gnc 5ta generacion precio,Alternativas,2453,0
2024-01-07,Buenos Aires,ypf cerca de mi,Estaciones,1940,0
2024-01-08,Mendoza,precio nafta hoy argentina,Precios,2166,0
2024-01-08,CABA,estaciones de servicio mas baratas,Estaciones,1148,0
2024-01-08,Buenos Aires,cuanto sube la nafta,Precios,2862,0
2024-01-09,CABA,ypf cerca de mi,Estaciones,2815,0
2024-01-09,Mendoza,precio litro infinia shell,Precios,1355,0
2024-01-09,Salta,descuento nafta personal pay,Descuentos,1786,0
2024-01-09,Misiones,promociones cuenta dni nafta,Descuentos,525,0
2024-01-10,Buenos Aires,axion energia ubicaciones,Estaciones,2995,0
2024-01-10,CABA,estaciones de servicio mas baratas,Estaciones,1370,0
2024-01-10,Entre Ríos,axion energia ubicaciones,Estaciones,2127,0
2024-01-10,CABA,descuento nafta personal pay,Descuentos,849,0
2024-01-11,Salta,aumento nafta hoy,Precios,2161,0
2024-01-11,CABA,convertir auto a gnc precio,Alternativas,1447,0
2024-01-11,CABA,promociones cuenta dni nafta,Descuentos,3164,0
2024-01-11,CABA,axion energia ubicaciones,Estaciones,1186,0
2024-01-11,Buenos Aires,ypf cerca de mi,Estaciones,1896,0
2024-01-12,CABA,precio nafta super ypf,Precios,2646,0
2024-01-12,Santa Fe,estaciones de servicio mas baratas,Estaciones,2761,0
2024-01-13,Buenos Aires,cuanto sube la nafta,Precios,897,0
2024-01-13,Córdoba,aumento combustible fecha,Precios,1759,0
2024-01-13,CABA,estaciones de servicio mas baratas,Estaciones,1905,0
2024-01-14,Mendoza,aplicacion ypf descuentos,Descuentos,1335,0
2024-01-14,Neuquén,convertir auto a gnc precio,Alternativas,1517,0
2024-01-14,Buenos Aires,ypf cerca de mi,Estaciones,2535,0
2024-01-15,Misiones,estacion de servicio con gnc cerca,Estaciones,518,0
2024-01-15,Mendoza,aplicacion ypf descuentos,Descuentos,2435,0
2024-01-15,Córdoba,cuanto gasta un auto por kilometro,Alternativas,1121,0
2024-01-16,Buenos Aires,banco nacion descuento combustible,Descuentos,1186,0
2024-01-16,Tucumán,precio litro infinia shell,Precios,892,0
2024-01-17,Córdoba,cuanto gasta un auto por kilometro,Alternativas,1935,0
2024-01-17,Buenos Aires,descuentos nafta modo,Descuentos,806,0
2024-01-17,Buenos Aires,precio litro infinia shell,Precios,2920,0
2024-01-17,CABA,tarjeta sube saldo,Alternativas,1230,0
2024-01-17,Neuquén,descuentos nafta modo,Descuentos,686,0
2024-01-18,Santa Fe,cuanto cuesta llenar el tanque,Precios,2126,0
2024-01-18,Santa Fe,promociones cuenta dni nafta,Descuentos,2516,0
2024-01-18,Santa Fe,shell abierta ahora,Estaciones,1920,0
2024-01-18,Mendoza,monopatín eléctrico precio,Alternativas,2138,0
2024-01-19,Buenos Aires,shell abierta ahora,Estaciones,1067,0
2024-01-19,Tucumán,horarios colectivo urbano,Alternativas,1322,0
2024-01-19,Santa Fe,convertir auto a gnc precio,Alternativas,1591,0
2024-01-20,Buenos Aires,precio nafta hoy argentina,Precios,2774,0
2024-01-20,Buenos Aires,equipo gnc 5ta generacion precio,Alternativas,2632,0
2024-01-20,Buenos Aires,descuento nafta personal pay,Descuentos,613,0
2024-01-20,Buenos Aires,ypf cerca de mi,Estaciones,3148,0
2024-01-21,CABA,axion energia ubicaciones,Estaciones,2662,0
2024-01-21,Buenos Aires,cuanto cuesta llenar el tanque,Precios,3442,0
2024-01-21,CABA,estaciones de servicio mas baratas,Estaciones,2925,0
2024-01-22,CABA,aumento nafta hoy,Precios,1819,0
2024-01-22,Buenos Aires,estaciones de servicio mas baratas,Estaciones,3162,0
2024-01-23,Santa Fe,cuanto gasta un auto por kilometro,Alternativas,945,0
2024-01-23,Tucumán,cuanto sube la nafta,Precios,1046,0
2024-01-23,CABA,precio nafta super ypf,Precios,2622,0
2024-01-23,Mendoza,descuento nafta personal pay,Descuentos,1218,0
2024-01-23,CABA,axion energia ubicaciones,Estaciones,1361,0
2024-01-24,Córdoba,axion energia ubicaciones,Estaciones,2216,0
2024-01-24,Buenos Aires,ypf cerca de mi,Estaciones,2060,0
2024-01-24,CABA,bbva descuento ypf,Descuentos,1768,0
2024-01-24,Córdoba,equipo gnc 5ta generacion precio,Alternativas,2802,0
2024-01-24,Santa Fe,aumento nafta hoy,Precios,2940,0
2024-01-25,Buenos Aires,convertir auto a gnc precio,Alternativas,1465,0
2024-01-25,Buenos Aires,precio litro infinia shell,Precios,1388,0
2024-01-25,Tucumán,precio nafta hoy argentina,Precios,959,0
2024-01-25,CABA,estacion de servicio con gnc cerca,Estaciones,2463,0
2024-01-25,CABA,cuanto sube la nafta,Precios,1868,0
2024-01-26,Córdoba,descuentos nafta modo,Descuentos,2284,0
2024-01-26,CABA,horarios colectivo urbano,Alternativas,3270,0
2024-01-26,Mendoza,cuanto sube la nafta,Precios,1261,0
2024-01-27,Buenos Aires,ypf cerca de mi,Estaciones,2893,0
2024-01-27,Buenos Aires,cuanto sube la nafta,Precios,3321,0
2024-01-27,Córdoba,ypf cerca de mi,Estaciones,1982,0
2024-01-28,CABA,axion energia ubicaciones,Estaciones,2023,0
2024-01-28,Mendoza,horarios colectivo urbano,Alternativas,1206,0
2024-01-28,Córdoba,tarjeta sube saldo,Alternativas,1350,0
2024-01-28,Entre Ríos,horarios colectivo urbano,Alternativas,810,0
2024-01-29,Mendoza,horarios colectivo urbano,Alternativas,1319,0
2024-01-29,Buenos Aires,estaciones de servicio mas baratas,Estaciones,2670,0
2024-01-30,Tucumán,aumento nafta hoy,Precios,3539,1
2024-01-30,CABA,banco nacion descuento combustible,Descuentos,7397,1
2024-01-30,CABA,aumento combustible fecha,Precios,5147,1
2024-01-30,Córdoba,puntos serviclub canje,Descuentos,6573,1
2024-01-30,Entre Ríos,descuento nafta galicia,Descuentos,7217,1
2024-01-30,Buenos Aires,descuento nafta personal pay,Descuentos,12194,1
2024-01-30,Buenos Aires,estaciones de servicio mas baratas,Estaciones,9174,1
2024-01-30,CABA,axion energia ubicaciones,Estaciones,6760,1
2024-01-30,Misiones,estacion de servicio con gnc cerca,Estaciones,4091,1
2024-01-30,CABA,promociones cuenta dni nafta,Descuentos,5132,1
2024-01-30,Mendoza,banco nacion descuento combustible,Descuentos,7006,1
2024-01-30,Buenos Aires,precio gasoil axion,Precios,8530,1
2024-01-31,CABA,cuanto cuesta llenar el tanque,Precios,8876,1
2024-01-31,CABA,bbva descuento ypf,Descuentos,7965,1
2024-01-31,CABA,cuanto gasta un auto por kilometro,Alternativas,5996,1
2024-01-31,Córdoba,cuanto cuesta llenar el tanque,Precios,5850,1
2024-01-31,Mendoza,banco nacion descuento combustible,Descuentos,5203,1
2024-01-31,CABA,axion energia ubicaciones,Estaciones,8142,1
2024-01-31,Córdoba,descuento nafta personal pay,Descuentos,5330,1
2024-01-31,Buenos Aires,cuanto cuesta llenar el tanque,Precios,9065,1
2024-01-31,Misiones,aplicacion ypf descuentos,Descuentos,8423,1
2024-02-01,Buenos Aires,puntos serviclub canje,Descuentos,13211,1
2024-02-01,CABA,descuento nafta personal pay,Descuentos,9727,1
2024-02-01,CABA,puntos serviclub canje,Descuentos,9970,1
2024-02-01,Buenos Aires,axion energia ubicaciones,Estaciones,13909,1
2024-02-01,Buenos Aires,aumento combustible fecha,Precios,16048,1
2024-02-01,Buenos Aires,precio nafta hoy argentina,Precios,16240,1
2024-02-01,Buenos Aires,bbva descuento ypf,Descuentos,13203,1
2024-02-01,Buenos Aires,descuentos nafta modo,Descuentos,16505,1
2024-02-01,CABA,precio litro infinia shell,Precios,18035,1
2024-02-01,Santa Fe,bbva descuento ypf,Descuentos,8844,1
2024-02-01,Mendoza,aumento combustible fecha,Precios,9680,1
2024-02-01,Buenos Aires,bbva descuento ypf,Descuentos,11075,1
2024-02-01,Córdoba,bbva descuento ypf,Descuentos,7652,1
2024-02-01,CABA,aplicacion ypf descuentos,Descuentos,13174,1
2024-02-01,Buenos Aires,cuanto sube la nafta,Precios,20279,1
2024-02-01,Santa Fe,precio nafta super ypf,Precios,10250,1
2024-02-01,Entre Ríos,cuanto sube la nafta,Precios,9067,1
2024-02-02,CABA,cuanto cuesta llenar el tanque,Precios,9639,1
2024-02-02,Mendoza,precio litro infinia shell,Precios,7159,1
2024-02-02,Buenos Aires,descuentos nafta modo,Descuentos,10368,1
2024-02-02,Salta,precio litro infinia shell,Precios,5615,1
2024-02-02,CABA,precio nafta super ypf,Precios,4988,1
2024-02-02,CABA,precio litro infinia shell,Precios,9769,1
2024-02-02,Mendoza,cuanto sube la nafta,Precios,6696,1
2024-02-02,Neuquén,shell abierta ahora,Estaciones,6499,1
2024-02-02,Salta,aumento nafta hoy,Precios,5928,1
2024-02-02,Entre Ríos,equipo gnc 5ta generacion precio,Alternativas,7098,1
2024-02-02,Tucumán,banco nacion descuento combustible,Descuentos,7714,1
2024-02-02,Buenos Aires,precio litro infinia shell,Precios,6049,1
2024-02-02,CABA,descuento nafta galicia,Descuentos,7920,1
2024-02-02,Neuquén,precio nafta super ypf,Precios,8150,1
2024-02-02,Mendoza,descuento nafta galicia,Descuentos,7912,1
2024-02-02,Buenos Aires,tarjeta sube saldo,Alternativas,7863,1
2024-02-03,Santa Fe,shell abierta ahora,Estaciones,7019,1
2024-02-03,Tucumán,estacion de servicio con gnc cerca,Estaciones,4951,1
2024-02-03,Entre Ríos,horarios colectivo urbano,Alternativas,5929,1
2024-02-03,Buenos Aires,precio litro infinia shell,Precios,9276,1
2024-02-03,Buenos Aires,precio nafta super ypf,Precios,5048,1
2024-02-03,Entre Ríos,descuento nafta personal pay,Descuentos,8242,1
2024-02-03,Buenos Aires,bbva descuento ypf,Descuentos,8216,1
2024-02-03,Entre Ríos,precio gasoil axion,Precios,4778,1
2024-02-03,Buenos Aires,axion energia ubicaciones,Estaciones,7343,1
2024-02-03,Buenos Aires,aumento nafta hoy,Precios,10584,1
2024-02-03,Mendoza,estaciones de servicio mas baratas,Estaciones,5610,1
2024-02-04,Salta,cuanto gasta un auto por kilometro,Alternativas,514,0
2024-02-04,Santa Fe,horarios colectivo urbano,Alternativas,1202,0
2024-02-04,Neuquén,shell abierta ahora,Estaciones,830,0
2024-02-04,Córdoba,banco nacion descuento combustible,Descuentos,1796,0
2024-02-05,CABA,monopatín eléctrico precio,Alternativas,2618,0
2024-02-05,CABA,shell abierta ahora,Estaciones,813,0
2024-02-05,Buenos Aires,descuento nafta galicia,Descuentos,1751,0
2024-02-06,Buenos Aires,aumento combustible fecha,Precios,1465,0
2024-02-06,Buenos Aires,cuanto sube la nafta,Precios,2661,0
2024-02-06,Buenos Aires,shell abierta ahora,Estaciones,2630,0
2024-02-07,Mendoza,promociones cuenta dni nafta,Descuentos,730,0
2024-02-07,CABA,promociones cuenta dni nafta,Descuentos,2644,0
2024-02-07,Córdoba,horarios colectivo urbano,Alternativas,1242,0
2024-02-08,CABA,ypf cerca de mi,Estaciones,1657,0
2024-02-08,CABA,estaciones de servicio mas baratas,Estaciones,2649,0
2024-02-08,CABA,convertir auto a gnc precio,Alternativas,1416,0
2024-02-08,Santa Fe,tarjeta sube saldo,Alternativas,2357,0
2024-02-09,CABA,puntos serviclub canje,Descuentos,3035,0
2024-02-09,Buenos Aires,horarios colectivo urbano,Alternativas,2634,0
2024-02-09,Buenos Aires,puntos serviclub canje,Descuentos,3415,0
2024-02-10,Buenos Aires,ypf cerca de mi,Estaciones,664,0
2024-02-10,Buenos Aires,ypf cerca de mi,Estaciones,2560,0
2024-02-10,CABA,aumento nafta hoy,Precios,3226,0
2024-02-11,Neuquén,horarios colectivo urbano,Alternativas,1406,0
2024-02-11,Salta,promociones cuenta dni nafta,Descuentos,527,0
2024-02-12,CABA,cuanto sube la nafta,Precios,1319,0
2024-02-12,CABA,estacion de servicio con gnc cerca,Estaciones,1989,0
2024-02-12,Córdoba,shell abierta ahora,Estaciones,1066,0
2024-02-12,CABA,estacion de servicio con gnc cerca,Estaciones,1060,0
2024-02-13,Mendoza,estacion de servicio con gnc cerca,Estaciones,1688,0
2024-02-13,Neuquén,monopatín eléctrico precio,Alternativas,1233,0
2024-02-13,Buenos Aires,estacion de servicio con gnc cerca,Estaciones,791,0
2024-02-13,Tucumán,shell abierta ahora,Estaciones,1467,0
2024-02-13,Buenos Aires,aumento nafta hoy,Precios,2481,0
2024-02-14,CABA,equipo gnc 5ta generacion precio,Alternativas,3351,0
2024-02-14,Tucumán,estaciones de servicio mas baratas,Estaciones,2279,0
2024-02-14,Buenos Aires,shell abierta ahora,Estaciones,637,0
2024-02-14,Tucumán,estacion de servicio con gnc cerca,Estaciones,2363,0
2024-02-14,Buenos Aires,promociones cuenta dni nafta,Descuentos,1715,0
2024-02-15,Córdoba,ypf cerca de mi,Estaciones,2312,0
2024-02-15,Córdoba,cuanto cuesta llenar el tanque,Precios,844,0
2024-02-16,Santa Fe,estaciones de servicio mas baratas,Estaciones,971,0
2024-02-16,CABA,precio gasoil axion,Precios,1608,0
2024-02-16,CABA,axion energia ubicaciones,Estaciones,891,0
2024-02-16,Salta,precio gasoil axion,Precios,904,0
2024-02-17,Buenos Aires,descuentos nafta modo,Descuentos,3586,0
2024-02-17,Tucumán,banco nacion descuento combustible,Descuentos,1023,0
2024-02-18,Entre Ríos,precio litro infinia shell,Precios,1784,0
2024-02-18,Buenos Aires,equipo gnc 5ta generacion precio,Alternativas,2448,0
2024-02-18,Salta,bbva descuento ypf,Descuentos,1040,0
2024-02-18,Córdoba,bbva descuento ypf,Descuentos,1280,0
2024-02-18,Buenos Aires,axion energia ubicaciones,Estaciones,2496,0
2024-02-19,Santa Fe,descuento nafta personal pay,Descuentos,2156,0
2024-02-19,Córdoba,promociones cuenta dni nafta,Descuentos,1863,0
2024-02-19,CABA,descuento nafta galicia,Descuentos,1448,0
2024-02-20,Tucumán,bbva descuento ypf,Descuentos,2460,0
2024-02-20,Buenos Aires,cuanto sube la nafta,Precios,2274,0
2024-02-20,Tucumán,descuentos nafta modo,Descuentos,2068,0
2024-02-20,Santa Fe,estacion de servicio con gnc cerca,Estaciones,564,0
2024-02-20,CABA,precio gasoil axion,Precios,704,0
2024-02-21,Santa Fe,aumento combustible fecha,Precios,1859,0
2024-02-21,Córdoba,cuanto gasta un auto por kilometro,Alternativas,1412,0
2024-02-21,Santa Fe,precio litro infinia shell,Precios,2160,0
2024-02-21,CABA,puntos serviclub canje,Descuentos,3514,0
2024-02-21,CABA,descuento nafta personal pay,Descuentos,1174,0
2024-02-22,Buenos Aires,shell abierta ahora,Estaciones,3080,0
2024-02-22,CABA,cuanto sube la nafta,Precios,2966,0
2024-02-22,Buenos Aires,estacion de servicio con gnc cerca,Estaciones,2456,0
2024-02-23,CABA,estaciones de servicio mas baratas,Estaciones,2877,0
2024-02-23,Tucumán,monopatín eléctrico precio,Alternativas,2031,0
2024-02-23,Buenos Aires,shell abierta ahora,Estaciones,2163,0
2024-02-23,CABA,cuanto gasta un auto por kilometro,Alternativas,3317,0
2024-02-24,Neuquén,shell abierta ahora,Estaciones,1838,0
2024-02-24,Mendoza,cuanto gasta un auto por kilometro,Alternativas,833,0
2024-02-25,Neuquén,convertir auto a gnc precio,Alternativas,2481,0
2024-02-25,Córdoba,puntos serviclub canje,Descuentos,1256,0
2024-02-26,CABA,aumento nafta hoy,Precios,2900,0
2024-02-26,Misiones,descuento nafta galicia,Descuentos,1383,0
2024-02-27,Córdoba,precio nafta super ypf,Precios,2345,0
2024-02-27,CABA,precio gasoil axion,Precios,2757,0
2024-02-28,Córdoba,banco nacion descuento combustible,Descuentos,5412,1
2024-02-28,Córdoba,tarjeta sube saldo,Alternativas,6176,1
2024-02-28,Salta,aumento combustible fecha,Precios,8361,1
2024-02-28,CABA,puntos serviclub canje,Descuentos,9676,1
2024-02-28,Buenos Aires,shell abierta ahora,Estaciones,8070,1
2024-02-28,Buenos Aires,descuento nafta galicia,Descuentos,10305,1
2024-02-28,Buenos Aires,equipo gnc 5ta generacion precio,Alternativas,10549,1
2024-02-28,Buenos Aires,precio litro infinia shell,Precios,5767,1
2024-02-28,Salta,precio litro infinia shell,Precios,5783,1
2024-02-29,CABA,axion energia ubicaciones,Estaciones,6274,1
2024-02-29,Tucumán,tarjeta sube saldo,Alternativas,7035,1
2024-02-29,CABA,precio litro infinia shell,Precios,6103,1
2024-02-29,CABA,bbva descuento ypf,Descuentos,11121,1
2024-02-29,Salta,precio nafta hoy argentina,Precios,5142,1
2024-02-29,Buenos Aires,bbva descuento ypf,Descuentos,7797,1
2024-02-29,Mendoza,aplicacion ypf descuentos,Descuentos,4079,1
2024-02-29,Córdoba,precio gasoil axion,Precios,8070,1
2024-02-29,Córdoba,precio gasoil axion,Precios,5192,1
2024-02-29,CABA,descuentos nafta modo,Descuentos,5391,1
2024-02-29,Córdoba,aumento nafta hoy,Precios,8130,1
2024-03-01,Santa Fe,aplicacion ypf descuentos,Descuentos,10403,1
2024-03-01,CABA,puntos serviclub canje,Descuentos,11331,1
2024-03-01,Buenos Aires,cuanto gasta un auto por kilometro,Alternativas,9709,1
2024-03-01,Santa Fe,estaciones de servicio mas baratas,Estaciones,13400,1
2024-03-01,Córdoba,descuento nafta galicia,Descuentos,13909,1
2024-03-01,CABA,descuentos nafta modo,Descuentos,12716,1
2024-03-01,Mendoza,banco nacion descuento combustible,Descuentos,14301,1
2024-03-01,Buenos Aires,aplicacion ypf descuentos,Descuentos,16940,1
2024-03-01,Córdoba,cuanto cuesta llenar el tanque,Precios,6670,1
2024-03-01,Tucumán,aumento combustible fecha,Precios,6947,1
2024-03-01,Santa Fe,precio nafta super ypf,Precios,12864,1
2024-03-01,CABA,banco nacion descuento combustible,Descuentos,9603,1
2024-03-01,Misiones,cuanto sube la nafta,Precios,6789,1
2024-03-01,CABA,precio nafta super ypf,Precios,18453,1
2024-03-01,Córdoba,tarjeta sube saldo,Alternativas,7601,1
2024-03-01,Buenos Aires,estaciones de servicio mas baratas,Estaciones,12833,1
2024-03-01,Buenos Aires,precio nafta hoy argentina,Precios,22246,1
2024-03-01,Tucumán,puntos serviclub canje,Descuentos,12159,1
2024-03-01,Buenos Aires,axion energia ubicaciones,Estaciones,8003,1
2024-03-02,Salta,cuanto sube la nafta,Precios,6942,1
2024-03-02,CABA,puntos serviclub canje,Descuentos,6846,1
2024-03-02,Mendoza,precio nafta hoy argentina,Precios,6155,1
2024-03-02,Mendoza,descuento nafta galicia,Descuentos,4325,1
2024-03-02,Mendoza,banco nacion descuento combustible,Descuentos,6576,1
2024-03-02,Tucumán,aumento combustible fecha,Precios,8235,1
2024-03-02,Buenos Aires,precio litro infinia shell,Precios,9081,1
2024-03-02,Buenos Aires,descuentos nafta modo,Descuentos,9852,1
2024-03-02,Córdoba,banco nacion descuento combustible,Descuentos,7659,1
2024-03-02,CABA,cuanto gasta un auto por kilometro,Alternativas,9505,1
2024-03-02,CABA,precio litro infinia shell,Precios,9314,1
2024-03-02,CABA,aumento combustible fecha,Precios,8841,1
2024-03-02,Misiones,equipo gnc 5ta generacion precio,Alternativas,7341,1
2024-03-02,CABA,precio nafta hoy argentina,Precios,10220,1
2024-03-02,Entre Ríos,cuanto cuesta llenar el tanque,Precios,8453,1
2024-03-02,Santa Fe,convertir auto a gnc precio,Alternativas,6452,1
2024-03-03,Santa Fe,aumento nafta hoy,Precios,8916,1
2024-03-03,CABA,aplicacion ypf descuentos,Descuentos,10331,1
2024-03-03,Córdoba,promociones cuenta dni nafta,Descuentos,6118,1
2024-03-03,Santa Fe,precio gasoil axion,Precios,6500,1
2024-03-03,Tucumán,promociones cuenta dni nafta,Descuentos,5709,1
2024-03-03,Buenos Aires,bbva descuento ypf,Descuentos,10356,1
2024-03-03,Buenos Aires,aumento nafta hoy,Precios,11483,1
2024-03-03,Buenos Aires,monopatín eléctrico precio,Alternativas,10183,1
2024-03-03,Tucumán,shell abierta ahora,Estaciones,4851,1
2024-03-03,Buenos Aires,precio nafta hoy argentina,Precios,6558,1
2024-03-03,Mendoza,descuento nafta personal pay,Descuentos,3502,1
2024-03-03,Córdoba,puntos serviclub canje,Descuentos,7744,1
2024-03-03,Buenos Aires,precio nafta super ypf,Precios,5821,1
2024-03-03,Santa Fe,puntos serviclub canje,Descuentos,8595,1
2024-03-04,Entre Ríos,equipo gnc 5ta generacion precio,Alternativas,1239,0
2024-03-04,Córdoba,convertir auto a gnc precio,Alternativas,2250,0
2024-03-05,Mendoza,horarios colectivo urbano,Alternativas,1185,0
2024-03-05,Córdoba,equipo gnc 5ta generacion precio,Alternativas,2257,0
2024-03-05,Córdoba,banco nacion descuento combustible,Descuentos,990,0
2024-03-05,Neuquén,banco nacion descuento combustible,Descuentos,1848,0
2024-03-05,Córdoba,horarios colectivo urbano,Alternativas,1452,0
2024-03-06,CABA,banco nacion descuento combustible,Descuentos,958,0
2024-03-06,Santa Fe,estacion de servicio con gnc cerca,Estaciones,1104,0
2024-03-06,Tucumán,aplicacion ypf descuentos,Descuentos,1279,0
2024-03-06,Córdoba,aplicacion ypf descuentos,Descuentos,2388,0
2024-03-06,Buenos Aires,horarios colectivo urbano,Alternativas,3542,0
2024-03-07,Buenos Aires,aumento nafta hoy,Precios,1640,0
2024-03-07,CABA,shell abierta ahora,Estaciones,1493,0
2024-03-07,CABA,equipo gnc 5ta generacion precio,Alternativas,2883,0
2024-03-07,Buenos Aires,puntos serviclub canje,Descuentos,3268,0
2024-03-07,Buenos Aires,descuento nafta galicia,Descuentos,1351,0
2024-03-08,CABA,monopatín eléctrico precio,Alternativas,1163,0
2024-03-08,Córdoba,estaciones de servicio mas baratas,Estaciones,1910,0
2024-03-08,Córdoba,tarjeta sube saldo,Alternativas,2138,0
2024-03-08,Santa Fe,monopatín eléctrico precio,Alternativas,1589,0
2024-03-08,Misiones,estaciones de servicio mas baratas,Estaciones,2146,0
2024-03-09,Buenos Aires,banco nacion descuento combustible,Descuentos,1212,0
2024-03-09,Buenos Aires,equipo gnc 5ta generacion precio,Alternativas,1261,0
2024-03-09,Tucumán,descuento nafta personal pay,Descuentos,613,0
2024-03-09,Córdoba,ypf cerca de mi,Estaciones,2729,0
2024-03-09,Entre Ríos,cuanto gasta un auto por kilometro,Alternativas,825,0
2024-03-10,Córdoba,precio nafta super ypf,Precios,2398,0
2024-03-10,Buenos Aires,puntos serviclub canje,Descuentos,2036,0
2024-03-10,Mendoza,banco nacion descuento combustible,Descuentos,1028,0
2024-03-11,CABA,banco nacion descuento combustible,Descuentos,3010,0
2024-03-11,CABA,axion energia ubicaciones,Estaciones,1058,0
2024-03-11,CABA,shell abierta ahora,Estaciones,1665,0
2024-03-11,Salta,ypf cerca de mi,Estaciones,2422,0
2024-03-12,Buenos Aires,horarios colectivo urbano,Alternativas,955,0
2024-03-12,Neuquén,descuento nafta galicia,Descuentos,611,0
2024-03-12,Neuquén,estaciones de servicio mas baratas,Estaciones,2264,0
2024-03-12,Buenos Aires,axion energia ubicaciones,Estaciones,2060,0
2024-03-13,CABA,shell abierta ahora,Estaciones,1475,0
2024-03-13,CABA,aplicacion ypf descuentos,Descuentos,1626,0
2024-03-13,CABA,aplicacion ypf descuentos,Descuentos,1186,0
2024-03-14,Salta,aumento nafta hoy,Precios,2088,0
2024-03-14,Mendoza,equipo gnc 5ta generacion precio,Alternativas,2185,0
2024-03-14,Salta,shell abierta ahora,Estaciones,1434,0
2024-03-14,Tucumán,puntos serviclub canje,Descuentos,2059,0
2024-03-14,Buenos Aires,ypf cerca de mi,Estaciones,1794,0
2024-03-15,Córdoba,tarjeta sube saldo,Alternativas,2440,0
2024-03-15,Mendoza,descuento nafta personal pay,Descuentos,1566,0
2024-03-15,Santa Fe,cuanto gasta un auto por kilometro,Alternativas,2405,0
2024-03-16,CABA,estaciones de servicio mas baratas,Estaciones,3039,0
2024-03-16,Salta,horarios colectivo urbano,Alternativas,2016,0
2024-03-16,CABA,axion energia ubicaciones,Estaciones,3432,0
2024-03-16,Buenos Aires,estaciones de servicio mas baratas,Estaciones,1367,0
2024-03-17,Buenos Aires,shell abierta ahora,Estaciones,1160,0
2024-03-17,Tucumán,precio nafta hoy argentina,Precios,637,0
2024-03-18,CABA,cuanto sube la nafta,Precios,3011,0
2024-03-18,Córdoba,precio nafta super ypf,Precios,1775,0
2024-03-19,CABA,cuanto gasta un auto por kilometro,Alternativas,2183,0
2024-03-19,Buenos Aires,cuanto gasta un auto por kilometro,Alternativas,2504,0
2024-03-19,Córdoba,banco nacion descuento combustible,Descuentos,605,0
2024-03-20,Santa Fe,estacion de servicio con gnc cerca,Estaciones,2587,0
2024-03-20,Neuquén,descuentos nafta modo,Descuentos,1470,0
2024-03-20,Misiones,banco nacion descuento combustible,Descuentos,2328,0
2024-03-20,Santa Fe,precio gasoil axion,Precios,1435,0
2024-03-21,Buenos Aires,precio nafta hoy argentina,Precios,1182,0
2024-03-21,Buenos Aires,tarjeta sube saldo,Alternativas,1625,0
2024-03-21,CABA,puntos serviclub canje,Descuentos,2160,0
2024-03-22,CABA,precio litro infinia shell,Precios,2796,0
2024-03-22,CABA,tarjeta sube saldo,Alternativas,3173,0
2024-03-22,CABA,promociones cuenta dni nafta,Descuentos,2114,0
2024-03-22,Santa Fe,axion energia ubicaciones,Estaciones,1176,0
2024-03-23,CABA,estaciones de servicio mas baratas,Estaciones,2623,0
2024-03-23,Córdoba,shell abierta ahora,Estaciones,1676,0
2024-03-23,Buenos Aires,aumento combustible fecha,Precios,1349,0
2024-03-23,Tucumán,convertir auto a gnc precio,Alternativas,2273,0
2024-03-23,Buenos Aires,aumento combustible fecha,Precios,1846,0
2024-03-24,Santa Fe,aumento nafta hoy,Precios,1691,0
2024-03-24,Córdoba,cuanto cuesta llenar el tanque,Precios,1986,0
2024-03-24,Córdoba,precio gasoil axion,Precios,1496,0
2024-03-24,Córdoba,monopatín eléctrico precio,Alternativas,1972,0
2024-03-24,Córdoba,cuanto cuesta llenar el tanque,Precios,1645,0
2024-03-25,Santa Fe,shell abierta ahora,Estaciones,2317,0
2024-03-25,Mendoza,estacion de servicio con gnc cerca,Estaciones,2013,0
2024-03-25,CABA,horarios colectivo urbano,Alternativas,2063,0
2024-03-26,Salta,cuanto sube la nafta,Precios,1324,0
2024-03-26,Entre Ríos,precio gasoil axion,Precios,1703,0
2024-03-27,Buenos Aires,precio nafta super ypf,Precios,1201,0
2024-03-27,Santa Fe,shell abierta ahora,Estaciones,746,0
2024-03-28,Buenos Aires,monopatín eléctrico precio,Alternativas,2723,0
2024-03-28,CABA,promociones cuenta dni nafta,Descuentos,3100,0
2024-03-28,Buenos Aires,shell abierta ahora,Estaciones,2158,0
2024-03-28,Neuquén,precio nafta super ypf,Precios,925,0
2024-03-28,Buenos Aires,ypf cerca de mi,Estaciones,2729,0
2024-03-29,Buenos Aires,axion energia ubicaciones,Estaciones,3133,0
2024-03-29,CABA,ypf cerca de mi,Estaciones,2534,0
2024-03-29,Tucumán,aplicacion ypf descuentos,Descuentos,1578,0
2024-03-29,Buenos Aires,aumento combustible fecha,Precios,2634,0
2024-03-29,Santa Fe,ypf cerca de mi,Estaciones,1292,0
2024-03-30,CABA,cuanto cuesta llenar el tanque,Precios,6701,1
2024-03-30,Buenos Aires,descuento nafta personal pay,Descuentos,9062,1
2024-03-30,Santa Fe,precio gasoil axion,Precios,9639,1
2024-03-30,Buenos Aires,axion energia ubicaciones,Estaciones,7757,1
2024-03-30,Buenos Aires,estacion de servicio con gnc cerca,Estaciones,9126,1
2024-03-30,Buenos Aires,descuentos nafta modo,Descuentos,10080,1
2024-03-30,Buenos Aires,precio nafta hoy argentina,Precios,10719,1
2024-03-30,Buenos Aires,shell abierta ahora,Estaciones,9862,1
2024-03-30,Salta,banco nacion descuento combustible,Descuentos,5317,1
2024-03-30,Mendoza,cuanto sube la nafta,Precios,6153,1
2024-03-30,Buenos Aires,cuanto sube la nafta,Precios,11626,1
2024-03-30,Tucumán,precio nafta super ypf,Precios,5926,1
2024-03-31,CABA,cuanto sube la nafta,Precios,5967,1
2024-03-31,Santa Fe,cuanto cuesta llenar el tanque,Precios,8084,1
2024-03-31,Córdoba,shell abierta ahora,Estaciones,3924,1
2024-03-31,Santa Fe,precio nafta hoy argentina,Precios,7583,1
2024-03-31,CABA,axion energia ubicaciones,Estaciones,5536,1
2024-03-31,Córdoba,descuento nafta personal pay,Descuentos,8863,1
2024-03-31,Santa Fe,tarjeta sube saldo,Alternativas,7469,1
2024-03-31,Neuquén,precio nafta super ypf,Precios,6389,1
2024-03-31,Salta,aumento combustible fecha,Precios,8092,1
2024-03-31,Mendoza,cuanto cuesta llenar el tanque,Precios,5351,1
2024-03-31,CABA,banco nacion descuento combustible,Descuentos,5389,1
2024-04-01,CABA,precio litro infinia shell,Precios,18757,1
2024-04-01,Córdoba,descuento nafta galicia,Descuentos,6430,1
2024-04-01,Neuquén,cuanto cuesta llenar el tanque,Precios,14153,1
2024-04-01,CABA,precio nafta hoy argentina,Precios,10746,1
2024-04-01,Entre Ríos,cuanto sube la nafta,Precios,9377,1
2024-04-01,Mendoza,cuanto cuesta llenar el tanque,Precios,13619,1
2024-04-01,Mendoza,puntos serviclub canje,Descuentos,6494,1
2024-04-01,Mendoza,aumento nafta hoy,Precios,13543,1
2024-04-01,Tucumán,precio gasoil axion,Precios,6045,1
2024-04-01,Entre Ríos,axion energia ubicaciones,Estaciones,8029,1
2024-04-01,Buenos Aires,ypf cerca de mi,Estaciones,14786,1
2024-04-01,Buenos Aires,descuento nafta galicia,Descuentos,13091,1
2024-04-01,Mendoza,precio litro infinia shell,Precios,6772,1
2024-04-01,Buenos Aires,aumento nafta hoy,Precios,8828,1
2024-04-01,Buenos Aires,aumento nafta hoy,Precios,11693,1
2024-04-01,CABA,shell abierta ahora,Estaciones,10706,1
2024-04-01,Buenos Aires,precio gasoil axion,Precios,15302,1
2024-04-02,Buenos Aires,banco nacion descuento combustible,Descuentos,10244,1
2024-04-02,Buenos Aires,cuanto gasta un auto por kilometro,Alternativas,5729,1
2024-04-02,Mendoza,banco nacion descuento combustible,Descuentos,6775,1
2024-04-02,Buenos Aires,precio nafta super ypf,Precios,9525,1
2024-04-02,Neuquén,precio nafta super ypf,Precios,5175,1
2024-04-02,Santa Fe,aplicacion ypf descuentos,Descuentos,7960,1
2024-04-02,Buenos Aires,descuento nafta galicia,Descuentos,5176,1
2024-04-02,Tucumán,cuanto sube la nafta,Precios,6179,1
2024-04-02,Mendoza,puntos serviclub canje,Descuentos,4921,1
2024-04-02,Misiones,cuanto cuesta llenar el tanque,Precios,4732,1
2024-04-02,Neuquén,aumento nafta hoy,Precios,5895,1
2024-04-02,Buenos Aires,bbva descuento ypf,Descuentos,10076,1
2024-04-03,Buenos Aires,promociones cuenta dni nafta,Descuentos,9597,1
2024-04-03,Santa Fe,estacion de servicio con gnc cerca,Estaciones,5180,1
2024-04-03,Neuquén,banco nacion descuento combustible,Descuentos,7747,1
2024-04-03,Buenos Aires,descuento nafta personal pay,Descuentos,10581,1
2024-04-03,Mendoza,descuento nafta personal pay,Descuentos,5021,1
2024-04-03,Córdoba,precio gasoil axion,Precios,4433,1
2024-04-03,Mendoza,equipo gnc 5ta generacion precio,Alternativas,7236,1
2024-04-03,CABA,aumento nafta hoy,Precios,6400,1
2024-04-03,Mendoza,puntos serviclub canje,Descuentos,5530,1
2024-04-03,CABA,promociones cuenta dni nafta,Descuentos,6757,1
2024-04-03,Mendoza,puntos serviclub canje,Descuentos,5114,1
2024-04-03,Salta,precio litro infinia shell,Precios,4801,1
2024-04-03,Buenos Aires,precio nafta super ypf,Precios,4965,1
2024-04-03,Mendoza,shell abierta ahora,Estaciones,3673,1
2024-04-03,Buenos Aires,descuento nafta personal pay,Descuentos,7751,1
2024-04-03,Tucumán,cuanto cuesta llenar el tanque,Precios,8292,1
2024-04-04,Buenos Aires,tarjeta sube saldo,Alternativas,3239,0
2024-04-04,Tucumán,cuanto gasta un auto por kilometro,Alternativas,1409,0
2024-04-04,CABA,descuento nafta galicia,Descuentos,1933,0
2024-04-05,Córdoba,equipo gnc 5ta generacion precio,Alternativas,1107,0
2024-04-05,Buenos Aires,puntos serviclub canje,Descuentos,3338,0
2024-04-06,Mendoza,precio nafta super ypf,Precios,1606,0
2024-04-06,Córdoba,aumento nafta hoy,Precios,2180,0
2024-04-06,CABA,tarjeta sube saldo,Alternativas,871,0
2024-04-06,Córdoba,bbva descuento ypf,Descuentos,2494,0
2024-04-06,Santa Fe,equipo gnc 5ta generacion precio,Alternativas,2548,0
2024-04-07,Buenos Aires,aumento combustible fecha,Precios,1851,0
2024-04-07,Mendoza,cuanto gasta un auto por kilometro,Alternativas,2477,0
2024-04-07,Córdoba,precio nafta super ypf,Precios,661,0
2024-04-07,CABA,descuento nafta personal pay,Descuentos,1100,0
2024-04-08,CABA,monopatín eléctrico precio,Alternativas,2369,0
2024-04-08,Buenos Aires,descuentos nafta modo,Descuentos,1183,0
2024-04-08,Córdoba,promociones cuenta dni nafta,Descuentos,591,0
2024-04-08,Buenos Aires,precio litro infinia shell,Precios,2344,0
2024-04-08,Salta,axion energia ubicaciones,Estaciones,940,0
2024-04-09,Buenos Aires,ypf cerca de mi,Estaciones,1577,0
2024-04-09,Mendoza,descuentos nafta modo,Descuentos,660,0
2024-04-09,Misiones,equipo gnc 5ta generacion precio,Alternativas,2290,0
2024-04-10,Buenos Aires,bbva descuento ypf,Descuentos,846,0
2024-04-10,Mendoza,cuanto gasta un auto por kilometro,Alternativas,2323,0
2024-04-10,Buenos Aires,estacion de servicio con gnc cerca,Estaciones,1107,0
2024-04-10,Buenos Aires,tarjeta sube saldo,Alternativas,1213,0
2024-04-11,Santa Fe,descuento nafta personal pay,Descuentos,1418,0
2024-04-11,CABA,axion energia ubicaciones,Estaciones,3418,0
2024-04-11,Buenos Aires,estaciones de servicio mas baratas,Estaciones,1912,0
2024-04-12,Buenos Aires,bbva descuento ypf,Descuentos,2781,0
2024-04-12,Buenos Aires,promociones cuenta dni nafta,Descuentos,786,0
2024-04-12,Tucumán,convertir auto a gnc precio,Alternativas,2200,0
2024-04-13,Buenos Aires,bbva descuento ypf,Descuentos,2199,0
2024-04-13,Santa Fe,descuento nafta personal pay,Descuentos,2067,0
2024-04-13,Neuquén,horarios colectivo urbano,Alternativas,1939,0
2024-04-13,CABA,estaciones de servicio mas baratas,Estaciones,1191,0
2024-04-14,CABA,convertir auto a gnc precio,Alternativas,753,0
2024-04-14,Entre Ríos,puntos serviclub canje,Descuentos,794,0
2024-04-14,CABA,bbva descuento ypf,Descuentos,2082,0
2024-04-15,Neuquén,banco nacion descuento combustible,Descuentos,2372,0
2024-04-15,CABA,precio nafta super ypf,Precios,2977,0
2024-04-15,Córdoba,promociones cuenta dni nafta,Descuentos,2013,0
2024-04-15,CABA,axion energia ubicaciones,Estaciones,774,0
2024-04-16,Buenos Aires,aumento combustible fecha,Precios,2365,0
2024-04-16,Mendoza,precio nafta super ypf,Precios,2432,0
2024-04-16,Salta,estaciones de servicio mas baratas,Estaciones,1252,0
2024-04-17,Salta,convertir auto a gnc precio,Alternativas,1293,0
2024-04-17,CABA,convertir auto a gnc precio,Alternativas,3075,0
2024-04-17,Buenos Aires,equipo gnc 5ta generacion precio,Alternativas,2337,0
2024-04-17,Córdoba,horarios colectivo urbano,Alternativas,838,0
2024-04-18,Buenos Aires,estaciones de servicio mas baratas,Estaciones,3474,0
2024-04-18,Santa Fe,descuento nafta personal pay,Descuentos,1720,0
2024-04-18,CABA,precio gasoil axion,Precios,2106,0
2024-04-18,Córdoba,axion energia ubicaciones,Estaciones,1913,0
2024-04-19,CABA,aumento nafta hoy,Precios,1092,0
2024-04-19,Salta,cuanto gasta un auto por kilometro,Alternativas,1688,0
2024-04-19,Buenos Aires,aumento nafta hoy,Precios,2944,0
2024-04-19,Córdoba,shell abierta ahora,Estaciones,2948,0
2024-04-20,Buenos Aires,puntos serviclub canje,Descuentos,1101,0
2024-04-20,CABA,precio nafta super ypf,Precios,942,0
2024-04-20,Buenos Aires,estacion de servicio con gnc cerca,Estaciones,1032,0
2024-04-21,Misiones,tarjeta sube saldo,Alternativas,946,0
2024-04-21,Mendoza,precio nafta super ypf,Precios,1221,0
2024-04-22,Córdoba,descuento nafta galicia,Descuentos,1913,0
2024-04-22,CABA,descuento nafta galicia,Descuentos,2283,0
2024-04-22,Santa Fe,bbva descuento ypf,Descuentos,2306,0
2024-04-22,Buenos Aires,ypf cerca de mi,Estaciones,1829,0
2024-04-22,Mendoza,cuanto gasta un auto por kilometro,Alternativas,1947,0
2024-04-23,Buenos Aires,precio nafta hoy argentina,Precios,1593,0
2024-04-23,Salta,precio litro infinia shell,Precios,1985,0
2024-04-23,Buenos Aires,ypf cerca de mi,Estaciones,3059,0
2024-04-23,CABA,aumento nafta hoy,Precios,1053,0
2024-04-23,Tucumán,ypf cerca de mi,Estaciones,2368,0
2024-04-24,Neuquén,cuanto gasta un auto por kilometro,Alternativas,1360,0
2024-04-24,Buenos Aires,tarjeta sube saldo,Alternativas,1511,0
2024-04-24,Tucumán,descuento nafta galicia,Descuentos,2306,0
2024-04-25,Buenos Aires,aumento combustible fecha,Precios,698,0
2024-04-25,Buenos Aires,precio nafta super ypf,Precios,1015,0
2024-04-26,Tucumán,horarios colectivo urbano,Alternativas,1059,0
2024-04-26,Córdoba,precio nafta super ypf,Precios,1702,0
2024-04-26,CABA,convertir auto a gnc precio,Alternativas,1144,0
2024-04-26,Buenos Aires,banco nacion descuento combustible,Descuentos,3269,0
2024-04-26,Córdoba,shell abierta ahora,Estaciones,656,0
2024-04-27,Santa Fe,descuento nafta personal pay,Descuentos,2481,0
2024-04-27,Santa Fe,aplicacion ypf descuentos,Descuentos,641,0
2024-04-27,Buenos Aires,precio litro infinia shell,Precios,3148,0
2024-04-28,Santa Fe,cuanto sube la nafta,Precios,2387,0
2024-04-28,Misiones,shell abierta ahora,Estaciones,2341,0
2024-04-28,Córdoba,aumento nafta hoy,Precios,2220,0
2024-04-28,Buenos Aires,cuanto cuesta llenar el tanque,Precios,2964,0
2024-04-28,Buenos Aires,estaciones de servicio mas baratas,Estaciones,2731,0
2024-04-29,Córdoba,axion energia ubicaciones,Estaciones,9244,1
2024-04-29,Buenos Aires,descuento nafta galicia,Descuentos,5110,1
2024-04-29,Entre Ríos,precio gasoil axion,Precios,5408,1
2024-04-29,Córdoba,aplicacion ypf descuentos,Descuentos,4617,1
2024-04-29,Buenos Aires,bbva descuento ypf,Descuentos,11926,1
2024-04-29,CABA,bbva descuento ypf,Descuentos,8555,1
2024-04-29,CABA,shell abierta ahora,Estaciones,5034,1
2024-04-29,Córdoba,cuanto cuesta llenar el tanque,Precios,7529,1
2024-04-29,Buenos Aires,aplicacion ypf descuentos,Descuentos,8282,1
2024-04-29,Santa Fe,cuanto sube la nafta,Precios,5786,1
2024-04-29,Santa Fe,precio gasoil axion,Precios,4977,1
2024-04-29,Buenos Aires,cuanto sube la nafta,Precios,8648,1
2024-04-29,Santa Fe,equipo gnc 5ta generacion precio,Alternativas,7448,1
2024-04-29,CABA,precio gasoil axion,Precios,8092,1
2024-04-30,Mendoza,descuentos nafta modo,Descuentos,8262,1
2024-04-30,Buenos Aires,descuentos nafta modo,Descuentos,10201,1
2024-04-30,Córdoba,convertir auto a gnc precio,Alternativas,6496,1
2024-04-30,Buenos Aires,cuanto sube la nafta,Precios,7772,1
2024-04-30,Córdoba,cuanto cuesta llenar el tanque,Precios,4945,1
2024-04-30,CABA,promociones cuenta dni nafta,Descuentos,6069,1
2024-04-30,Salta,precio gasoil axion,Precios,5137,1
2024-04-30,Tucumán,shell abierta ahora,Estaciones,4809,1
2024-04-30,Misiones,precio gasoil axion,Precios,4830,1
2024-04-30,Buenos Aires,ypf cerca de mi,Estaciones,5958,1
2024-04-30,Buenos Aires,convertir auto a gnc precio,Alternativas,6900,1
2024-04-30,CABA,precio nafta hoy argentina,Precios,6031,1
2024-04-30,Tucumán,aumento combustible fecha,Precios,4881,1
2024-04-30,Buenos Aires,precio litro infinia shell,Precios,4688,1
2024-04-30,CABA,estacion de servicio con gnc cerca,Estaciones,5732,1
2024-04-30,CABA,aumento nafta hoy,Precios,5472,1
2024-04-30,CABA,precio gasoil axion,Precios,5953,1
2024-05-01,Buenos Aires,puntos serviclub canje,Descuentos,18178,1
2024-05-01,CABA,monopatín eléctrico precio,Alternativas,13977,1
2024-05-01,Córdoba,aplicacion ypf descuentos,Descuentos,12886,1
2024-05-01,CABA,precio gasoil axion,Precios,9040,1
2024-05-01,Buenos Aires,banco nacion descuento combustible,Descuentos,12434,1
2024-05-01,Mendoza,precio gasoil axion,Precios,9465,1
2024-05-01,Tucumán,precio gasoil axion,Precios,11755,1
2024-05-01,Buenos Aires,monopatín eléctrico precio,Alternativas,13522,1
2024-05-01,Buenos Aires,aplicacion ypf descuentos,Descuentos,7933,1
2024-05-01,Buenos Aires,promociones cuenta dni nafta,Descuentos,16838,1
2024-05-01,Buenos Aires,axion energia ubicaciones,Estaciones,7567,1
2024-05-01,Buenos Aires,equipo gnc 5ta generacion precio,Alternativas,18035,1
2024-05-01,CABA,axion energia ubicaciones,Estaciones,19130,1
2024-05-01,CABA,aumento combustible fecha,Precios,8536,1
2024-05-01,Buenos Aires,convertir auto a gnc precio,Alternativas,13988,1
2024-05-01,Santa Fe,precio litro infinia shell,Precios,8563,1
2024-05-02,Buenos Aires,estacion de servicio con gnc cerca,Estaciones,6067,1
2024-05-02,Neuquén,ypf cerca de mi,Estaciones,4431,1
2024-05-02,Córdoba,precio gasoil axion,Precios,7256,1
2024-05-02,CABA,banco nacion descuento combustible,Descuentos,11527,1
2024-05-02,Tucumán,aumento nafta hoy,Precios,5263,1
2024-05-02,Salta,monopatín eléctrico precio,Alternativas,4278,1
2024-05-02,Misiones,puntos serviclub canje,Descuentos,7491,1
2024-05-02,CABA,aumento nafta hoy,Precios,10859,1
2024-05-02,Neuquén,banco nacion descuento combustible,Descuentos,3853,1
2024-05-03,Buenos Aires,aplicacion ypf descuentos,Descuentos,8446,1
2024-05-03,CABA,tarjeta sube saldo,Alternativas,7498,1
2024-05-03,Tucumán,ypf cerca de mi,Estaciones,5017,1
2024-05-03,Buenos Aires,precio nafta super ypf,Precios,8892,1
2024-05-03,Córdoba,descuentos nafta modo,Descuentos,7439,1
2024-05-03,Santa Fe,convertir auto a gnc precio,Alternativas,7434,1
2024-05-03,Córdoba,descuento nafta galicia,Descuentos,4413,1
2024-05-03,Buenos Aires,aplicacion ypf descuentos,Descuentos,8438,1
2024-05-03,CABA,cuanto cuesta llenar el tanque,Precios,8489,1
2024-05-03,Mendoza,precio gasoil axion,Precios,5404,1
2024-05-03,Tucumán,precio litro infinia shell,Precios,8149,1
2024-05-03,Córdoba,cuanto cuesta llenar el tanque,Precios,9384,1
2024-05-03,Córdoba,aplicacion ypf descuentos,Descuentos,6670,1
2024-05-03,CABA,banco nacion descuento combustible,Descuentos,10183,1
2024-05-03,Mendoza,aumento nafta hoy,Precios,6275,1
2024-05-04,CABA,estaciones de servicio mas baratas,Estaciones,2576,0
2024-05-04,Santa Fe,convertir auto a gnc precio,Alternativas,2235,0
2024-05-05,Córdoba,ypf cerca de mi,Estaciones,1716,0
2024-05-05,Santa Fe,horarios colectivo urbano,Alternativas,632,0
2024-05-06,Salta,aplicacion ypf descuentos,Descuentos,1512,0
2024-05-06,Salta,aumento nafta hoy,Precios,1817,0
2024-05-06,Salta,bbva descuento ypf,Descuentos,1635,0
2024-05-07,CABA,aplicacion ypf descuentos,Descuentos,2284,0
2024-05-07,CABA,cuanto cuesta llenar el tanque,Precios,2869,0
2024-05-07,Mendoza,horarios colectivo urbano,Alternativas,1778,0
2024-05-08,Santa Fe,aplicacion ypf descuentos,Descuentos,2170,0
2024-05-08,Córdoba,descuento nafta galicia,Descuentos,1968,0
2024-05-08,Buenos Aires,banco nacion descuento combustible,Descuentos,1569,0
2024-05-08,Córdoba,puntos serviclub canje,Descuentos,1285,0
2024-05-09,Buenos Aires,precio nafta super ypf,Precios,2198,0
2024-05-09,CABA,tarjeta sube saldo,Alternativas,1414,0
2024-05-09,Buenos Aires,bbva descuento ypf,Descuentos,2697,0
2024-05-09,Misiones,monopatín eléctrico precio,Alternativas,583,0
2024-05-10,CABA,convertir auto a gnc precio,Alternativas,1908,0
2024-05-10,Córdoba,descuentos nafta modo,Descuentos,2839,0
2024-05-10,Tucumán,precio gasoil axion,Precios,1079,0
2024-05-10,Santa Fe,descuentos nafta modo,Descuentos,2020,0
2024-05-11,CABA,aumento nafta hoy,Precios,2167,0
2024-05-11,Córdoba,precio nafta super ypf,Precios,2579,0
2024-05-11,CABA,horarios colectivo urbano,Alternativas,3597,0
2024-05-11,Buenos Aires,descuento nafta galicia,Descuentos,2840,0
2024-05-12,Buenos Aires,aplicacion ypf descuentos,Descuentos,799,0
2024-05-12,Neuquén,tarjeta sube saldo,Alternativas,844,0
2024-05-12,CABA,precio litro infinia shell,Precios,1046,0
2024-05-12,Buenos Aires,descuentos nafta modo,Descuentos,1429,0
2024-05-13,Buenos Aires,axion energia ubicaciones,Estaciones,2016,0
2024-05-13,CABA,convertir auto a gnc precio,Alternativas,1701,0
2024-05-13,Mendoza,descuentos nafta modo,Descuentos,1317,0
2024-05-14,CABA,promociones cuenta dni nafta,Descuentos,1996,0
2024-05-14,Santa Fe,descuentos nafta modo,Descuentos,2648,0
2024-05-15,Neuquén,convertir auto a gnc precio,Alternativas,1274,0
2024-05-15,CABA,estacion de servicio con gnc cerca,Estaciones,1796,0
2024-05-15,Buenos Aires,ypf cerca de mi,Estaciones,2308,0
2024-05-15,Salta,bbva descuento ypf,Descuentos,2062,0
2024-05-16,Santa Fe,banco nacion descuento combustible,Descuentos,550,0
2024-05-16,CABA,puntos serviclub canje,Descuentos,2913,0
2024-05-17,Buenos Aires,horarios colectivo urbano,Alternativas,3435,0
2024-05-17,Buenos Aires,descuentos nafta modo,Descuentos,2229,0
2024-05-17,Buenos Aires,estaciones de servicio mas baratas,Estaciones,3098,0
2024-05-17,CABA,precio litro infinia shell,Precios,2865,0
2024-05-18,Buenos Aires,cuanto cuesta llenar el tanque,Precios,2957,0
2024-05-18,Salta,aumento combustible fecha,Precios,1231,0
2024-05-18,Mendoza,aumento nafta hoy,Precios,973,0
2024-05-19,CABA,precio nafta hoy argentina,Precios,1633,0
2024-05-19,Córdoba,ypf cerca de mi,Estaciones,2561,0
2024-05-19,Buenos Aires,shell abierta ahora,Estaciones,2981,0
2024-05-19,Mendoza,monopatín eléctrico precio,Alternativas,1793,0
2024-05-19,Buenos Aires,precio nafta hoy argentina,Precios,1875,0
2024-05-20,CABA,aumento nafta hoy,Precios,2044,0
2024-05-20,Salta,cuanto cuesta llenar el tanque,Precios,1051,0
2024-05-20,Córdoba,convertir auto a gnc precio,Alternativas,1951,0
2024-05-21,Buenos Aires,convertir auto a gnc precio,Alternativas,3321,0
2024-05-21,Mendoza,precio nafta super ypf,Precios,2200,0
2024-05-21,CABA,estaciones de servicio mas baratas,Estaciones,3417,0
2024-05-21,Buenos Aires,estacion de servicio con gnc cerca,Estaciones,2872,0
2024-05-21,CABA,precio gasoil axion,Precios,747,0
2024-05-22,Mendoza,descuentos nafta modo,Descuentos,1297,0
2024-05-22,Buenos Aires,aplicacion ypf descuentos,Descuentos,1291,0
2024-05-22,Buenos Aires,convertir auto a gnc precio,Alternativas,2313,0
2024-05-23,Mendoza,estaciones de servicio mas baratas,Estaciones,1048,0
2024-05-23,CABA,aplicacion ypf descuentos,Descuentos,3030,0
2024-05-24,Mendoza,cuanto cuesta llenar el tanque,Precios,1873,0
2024-05-24,Buenos Aires,axion energia ubicaciones,Estaciones,963,0
2024-05-24,CABA,promociones cuenta dni nafta,Descuentos,756,0
2024-05-25,Santa Fe,ypf cerca de mi,Estaciones,1049,0
2024-05-25,Buenos Aires,axion energia ubicaciones,Estaciones,3130,0
2024-05-26,Tucumán,cuanto sube la nafta,Precios,1629,0
2024-05-26,CABA,descuento nafta galicia,Descuentos,2628,0
2024-05-26,Buenos Aires,banco nacion descuento combustible,Descuentos,2053,0
2024-05-26,Entre Ríos,tarjeta sube saldo,Alternativas,2066,0
2024-05-26,Buenos Aires,banco nacion descuento combustible,Descuentos,1839,0
2024-05-27,CABA,aplicacion ypf descuentos,Descuentos,2952,0
2024-05-27,Entre Ríos,axion energia ubicaciones,Estaciones,616,0
2024-05-28,Mendoza,estacion de servicio con gnc cerca,Estaciones,2053,0
2024-05-28,CABA,precio nafta super ypf,Precios,1523,0
2024-05-28,Córdoba,bbva descuento ypf,Descuentos,1074,0
2024-05-28,Entre Ríos,precio nafta hoy argentina,Precios,1014,0
2024-05-28,Entre Ríos,estaciones de servicio mas baratas,Estaciones,2274,0
2024-05-29,Salta,estacion de servicio con gnc cerca,Estaciones,1339,0
2024-05-29,Salta,promociones cuenta dni nafta,Descuentos,1764,0
2024-05-29,Buenos Aires,aumento nafta hoy,Precios,1501,0
2024-05-29,Salta,monopatín eléctrico precio,Alternativas,1810,0
2024-05-30,CABA,shell abierta ahora,Estaciones,8397,1
2024-05-30,Buenos Aires,precio gasoil axion,Precios,11447,1
2024-05-30,Córdoba,aumento combustible fecha,Precios,7967,1
2024-05-30,Córdoba,precio nafta super ypf,Precios,3737,1
2024-05-30,Mendoza,puntos serviclub canje,Descuentos,5605,1
2024-05-30,Mendoza,equipo gnc 5ta generacion precio,Alternativas,6069,1
2024-05-30,Mendoza,cuanto sube la nafta,Precios,4567,1
2024-05-30,CABA,cuanto gasta un auto por kilometro,Alternativas,11207,1
2024-05-30,CABA,cuanto cuesta llenar el tanque,Precios,5237,1
2024-05-31,Buenos Aires,ypf cerca de mi,Estaciones,4619,1
2024-05-31,Santa Fe,estacion de servicio con gnc cerca,Estaciones,8048,1
2024-05-31,Buenos Aires,horarios colectivo urbano,Alternativas,7744,1
2024-05-31,Mendoza,banco nacion descuento combustible,Descuentos,6576,1
2024-05-31,Buenos Aires,bbva descuento ypf,Descuentos,9908,1
2024-05-31,Buenos Aires,aumento nafta hoy,Precios,9711,1
2024-05-31,Buenos Aires,descuento nafta personal pay,Descuentos,5921,1
2024-05-31,Buenos Aires,descuento nafta galicia,Descuentos,10586,1
2024-05-31,Santa Fe,aumento combustible fecha,Precios,4337,1
2024-05-31,Tucumán,precio gasoil axion,Precios,5774,1
2024-05-31,Salta,shell abierta ahora,Estaciones,5971,1
2024-05-31,Mendoza,precio nafta hoy argentina,Precios,4781,1
2024-05-31,Neuquén,precio litro infinia shell,Precios,8011,1
2024-05-31,Buenos Aires,precio nafta super ypf,Precios,10473,1
2024-05-31,Neuquén,horarios colectivo urbano,Alternativas,8014,1
2024-06-01,Buenos Aires,equipo gnc 5ta generacion precio,Alternativas,12890,1
2024-06-01,Buenos Aires,cuanto cuesta llenar el tanque,Precios,20728,1
2024-06-01,Buenos Aires,precio litro infinia shell,Precios,15866,1
2024-06-01,CABA,promociones cuenta dni nafta,Descuentos,15863,1
2024-06-01,CABA,precio litro infinia shell,Precios,14906,1
2024-06-01,Mendoza,precio nafta super ypf,Precios,6533,1
2024-06-01,CABA,aumento nafta hoy,Precios,17733,1
2024-06-01,Neuquén,descuento nafta personal pay,Descuentos,11539,1
2024-06-01,Santa Fe,puntos serviclub canje,Descuentos,11719,1
2024-06-01,Buenos Aires,aumento nafta hoy,Precios,10729,1
2024-06-01,Salta,bbva descuento ypf,Descuentos,10722,1
2024-06-01,Córdoba,estacion de servicio con gnc cerca,Estaciones,13645,1
2024-06-01,Mendoza,descuento nafta galicia,Descuentos,13813,1
2024-06-01,Córdoba,estaciones de servicio mas baratas,Estaciones,9072,1
2024-06-01,Córdoba,precio nafta hoy argentina,Precios,7467,1
2024-06-01,Misiones,precio litro infinia shell,Precios,12321,1
2024-06-01,CABA,bbva descuento ypf,Descuentos,18196,1
2024-06-02,Buenos Aires,estacion de servicio con gnc cerca,Estaciones,9731,1
2024-06-02,Santa Fe,aumento nafta hoy,Precios,8513,1
2024-06-02,Buenos Aires,descuento nafta personal pay,Descuentos,6409,1
2024-06-02,Buenos Aires,aumento nafta hoy,Precios,9198,1
2024-06-02,Buenos Aires,descuento nafta personal pay,Descuentos,7551,1
2024-06-02,Córdoba,descuento nafta galicia,Descuentos,8267,1
2024-06-02,Santa Fe,precio nafta super ypf,Precios,8062,1
2024-06-02,Buenos Aires,cuanto sube la nafta,Precios,7398,1
2024-06-02,Buenos Aires,banco nacion descuento combustible,Descuentos,8255,1
2024-06-02,Buenos Aires,precio nafta super ypf,Precios,7522,1
2024-06-02,Buenos Aires,descuento nafta galicia,Descuentos,7454,1
2024-06-02,Buenos Aires,precio gasoil axion,Precios,9546,1
2024-06-02,Buenos Aires,shell abierta ahora,Estaciones,9142,1
2024-06-02,CABA,descuento nafta personal pay,Descuentos,4920,1
2024-06-02,Buenos Aires,estacion de servicio con gnc cerca,Estaciones,9079,1
2024-06-02,CABA,descuento nafta galicia,Descuentos,8860,1
2024-06-02,Mendoza,precio nafta hoy argentina,Precios,3740,1
2024-06-03,Mendoza,precio gasoil axion,Precios,8250,1
2024-06-03,CABA,aumento nafta hoy,Precios,4220,1
2024-06-03,Buenos Aires,equipo gnc 5ta generacion precio,Alternativas,5245,1
2024-06-03,Entre Ríos,cuanto sube la nafta,Precios,4078,1
2024-06-03,Santa Fe,precio litro infinia shell,Precios,5382,1
2024-06-03,CABA,shell abierta ahora,Estaciones,5923,1
2024-06-03,Buenos Aires,estaciones de servicio mas baratas,Estaciones,7976,1
2024-06-03,Entre Ríos,cuanto sube la nafta,Precios,7104,1
2024-06-03,Santa Fe,precio gasoil axion,Precios,6123,1
2024-06-03,Neuquén,descuentos nafta modo,Descuentos,6913,1
2024-06-03,Salta,promociones cuenta dni nafta,Descuentos,3505,1
2024-06-03,CABA,precio litro infinia shell,Precios,9857,1
2024-06-03,CABA,banco nacion descuento combustible,Descuentos,5201,1
2024-06-03,Buenos Aires,descuentos nafta modo,Descuentos,5048,1
2024-06-04,Salta,cuanto gasta un auto por kilometro,Alternativas,1795,0
2024-06-04,Córdoba,promociones cuenta dni nafta,Descuentos,2694,0
2024-06-04,CABA,cuanto gasta un auto por kilometro,Alternativas,1752,0
2024-06-04,Santa Fe,descuento nafta galicia,Descuentos,1905,0
2024-06-05,CABA,banco nacion descuento combustible,Descuentos,3146,0
2024-06-05,Buenos Aires,ypf cerca de mi,Estaciones,1067,0
2024-06-05,Buenos Aires,banco nacion descuento combustible,Descuentos,2421,0
2024-06-05,CABA,puntos serviclub canje,Descuentos,1743,0
2024-06-05,CABA,aumento nafta hoy,Precios,2686,0
2024-06-06,Santa Fe,monopatín eléctrico precio,Alternativas,2211,0
2024-06-06,Santa Fe,estacion de servicio con gnc cerca,Estaciones,813,0
2024-06-06,Santa Fe,precio nafta hoy argentina,Precios,2597,0
2024-06-07,CABA,equipo gnc 5ta generacion precio,Alternativas,1199,0
2024-06-07,Córdoba,monopatín eléctrico precio,Alternativas,2489,0
2024-06-08,Buenos Aires,aumento nafta hoy,Precios,1539,0
2024-06-08,Buenos Aires,precio nafta hoy argentina,Precios,1357,0
2024-06-08,Buenos Aires,aumento combustible fecha,Precios,2220,0
2024-06-08,Neuquén,bbva descuento ypf,Descuentos,805,0
2024-06-09,Mendoza,monopatín eléctrico precio,Alternativas,1965,0
2024-06-09,Santa Fe,cuanto gasta un auto por kilometro,Alternativas,2378,0
2024-06-09,Mendoza,axion energia ubicaciones,Estaciones,2478,0
2024-06-10,Buenos Aires,shell abierta ahora,Estaciones,954,0
2024-06-10,Buenos Aires,cuanto sube la nafta,Precios,2717,0
2024-06-11,Santa Fe,precio gasoil axion,Precios,1867,0
2024-06-11,CABA,banco nacion descuento combustible,Descuentos,1198,0
2024-06-11,Misiones,axion energia ubicaciones,Estaciones,1524,0
2024-06-11,CABA,cuanto gasta un auto por kilometro,Alternativas,1990,0
2024-06-12,Córdoba,banco nacion descuento combustible,Descuentos,1505,0
2024-06-12,Buenos Aires,bbva descuento ypf,Descuentos,2871,0
2024-06-13,Buenos Aires,aumento nafta hoy,Precios,1177,0
2024-06-13,Buenos Aires,descuento nafta galicia,Descuentos,2505,0
2024-06-13,Tucumán,monopatín eléctrico precio,Alternativas,1637,0
2024-06-13,Buenos Aires,monopatín eléctrico precio,Alternativas,1756,0
2024-06-14,Buenos Aires,ypf cerca de mi,Estaciones,2394,0
2024-06-14,Buenos Aires,tarjeta sube saldo,Alternativas,2223,0
2024-06-14,Salta,descuento nafta galicia,Descuentos,1660,0
2024-06-15,CABA,promociones cuenta dni nafta,Descuentos,2043,0
2024-06-15,Buenos Aires,shell abierta ahora,Estaciones,2203,0
2024-06-16,Entre Ríos,precio nafta hoy argentina,Precios,2465,0
2024-06-16,Buenos Aires,precio nafta hoy argentina,Precios,1832,0
2024-06-17,Buenos Aires,horarios colectivo urbano,Alternativas,856,0
2024-06-17,Buenos Aires,ypf cerca de mi,Estaciones,2599,0
2024-06-17,Buenos Aires,precio nafta super ypf,Precios,2760,0
2024-06-18,Buenos Aires,monopatín eléctrico precio,Alternativas,1159,0
2024-06-18,Buenos Aires,estacion de servicio con gnc cerca,Estaciones,1062,0
2024-06-18,Córdoba,promociones cuenta dni nafta,Descuentos,2627,0
2024-06-18,Mendoza,tarjeta sube saldo,Alternativas,859,0
2024-06-19,CABA,equipo gnc 5ta generacion precio,Alternativas,3288,0
2024-06-19,Entre Ríos,cuanto sube la nafta,Precios,1968,0
2024-06-19,Salta,descuentos nafta modo,Descuentos,2295,0
2024-06-19,Buenos Aires,estacion de servicio con gnc cerca,Estaciones,1167,0
2024-06-19,Mendoza,monopatín eléctrico precio,Alternativas,1837,0
2024-06-20,CABA,cuanto cuesta llenar el tanque,Precios,1837,0
2024-06-20,Neuquén,precio gasoil axion,Precios,2467,0
2024-06-20,Buenos Aires,aumento combustible fecha,Precios,1457,0
2024-06-20,Buenos Aires,descuento nafta personal pay,Descuentos,2787,0
2024-06-21,Mendoza,descuento nafta personal pay,Descuentos,581,0
2024-06-21,Buenos Aires,descuentos nafta modo,Descuentos,1233,0
2024-06-21,Santa Fe,puntos serviclub canje,Descuentos,1856,0
2024-06-22,CABA,tarjeta sube saldo,Alternativas,1957,0
2024-06-22,CABA,monopatín eléctrico precio,Alternativas,902,0
2024-06-22,Buenos Aires,estacion de servicio con gnc cerca,Estaciones,1200,0
2024-06-22,Buenos Aires,promociones cuenta dni nafta,Descuentos,886,0
2024-06-22,Tucumán,axion energia ubicaciones,Estaciones,730,0
2024-06-23,Salta,tarjeta sube saldo,Alternativas,945,0
2024-06-23,Mendoza,precio gasoil axion,Precios,1948,0
2024-06-23,Santa Fe,cuanto cuesta llenar el tanque,Precios,850,0
2024-06-24,Mendoza,axion energia ubicaciones,Estaciones,2045,0
2024-06-24,Buenos Aires,banco nacion descuento combustible,Descuentos,2963,0
2024-06-24,Córdoba,shell abierta ahora,Estaciones,883,0
2024-06-24,CABA,descuentos nafta modo,Descuentos,1519,0
2024-06-25,Tucumán,ypf cerca de mi,Estaciones,1955,0
2024-06-25,Salta,horarios colectivo urbano,Alternativas,1865,0
2024-06-26,Buenos Aires,convertir auto a gnc precio,Alternativas,1815,0
2024-06-26,Santa Fe,puntos serviclub canje,Descuentos,2543,0
2024-06-26,Tucumán,descuento nafta galicia,Descuentos,2074,0
2024-06-26,Córdoba,banco nacion descuento combustible,Descuentos,2256,0
2024-06-27,CABA,convertir auto a gnc precio,Alternativas,1890,0
2024-06-27,CABA,descuento nafta personal pay,Descuentos,1108,0
2024-06-27,Santa Fe,promociones cuenta dni nafta,Descuentos,1875,0
2024-06-27,CABA,equipo gnc 5ta generacion precio,Alternativas,2569,0
2024-06-27,Córdoba,aumento combustible fecha,Precios,1647,0
2024-06-28,CABA,equipo gnc 5ta generacion precio,Alternativas,919,0
2024-06-28,Buenos Aires,estacion de servicio con gnc cerca,Estaciones,2278,0
2024-06-28,CABA,cuanto gasta un auto por kilometro,Alternativas,3007,0
2024-06-28,Buenos Aires,puntos serviclub canje,Descuentos,1612,0
2024-06-28,Córdoba,precio nafta super ypf,Precios,2029,0
2024-06-29,Santa Fe,equipo gnc 5ta generacion precio,Alternativas,2663,0
2024-06-29,Salta,promociones cuenta dni nafta,Descuentos,1697,0
2024-06-29,Entre Ríos,aplicacion ypf descuentos,Descuentos,2458,0
2024-06-29,Santa Fe,precio litro infinia shell,Precios,1811,0
2024-06-29,CABA,cuanto cuesta llenar el tanque,Precios,2158,0
2024-06-30,Santa Fe,equipo gnc 5ta generacion precio,Alternativas,2001,0
2024-06-30,Buenos Aires,precio nafta super ypf,Precios,1742,0
